Month,TIME_24_HOURS,MV_INVOLVED,BASE_SUB_BASE,COUNTY,ROAD,BRIEF_ACCIDENT_DETAILS,GENDER,AGE,CAUSE_CODE,VICTIM_TYPE,Date,Hour
3,0930,M/CYCLE KMDQ 3272 TVS & KMDS 892V TVS,NANDI CENTRAL,NANDI,KABIYET KURGONG-KIPKAREN SALIA RD,THE M/CYCLE COLLIDED HEAD ON WITH ANOTHER M/CYCLE,M,25&28,37.0,RIDERS,2017-03-23,9.0
8,1000,KBU666Q T/L/C/PRADO $M/CY KMDM 324D SIMBA,NYARI,MOMBASA,OLD MOIYNE DRIVE,LOST CONTROL AND RAMMED FROM REAR ONTO M/CYCE,M,A,16.0,RIDER P/PASSANGER,2017-08-04,10.0
2,1930,KBU 591M/ZF 5724 SCANIA & KMEA 508C TIGER,SAGANA,KIRINYAGA,KENOL-MAKUTANO,THE CYCLE HIT THE STATIONARY VEHICLE,M,A,37.0,RIDER AND P/PASSENGER,2017-02-22,19.0
3,0730,M/CYCLE KMCC 471M TVS & UNKNOWN M/VEHICLE,MUMIAS,KAKAMEGA,EKERO-SABATIA,THE VEHICLE COLLIDED HEAD ON WITH THE M/CYCLE,M & F/J,52 &17,98.0,RIDER & P/PASSENGER,2017-03-23,7.0
3,1500,KCF 031X I/M/BUS & M/C KMDR 411F,PAP ONDITI,KISUMU,KATITO KEMDUBAY,THE M/CYCLE LOST CONTROL AND WAS KNOCKED DOWN BY THE SAID BUS,M&F,"42,24,32",26.0,RIDER & P/PASSENGER,2017-03-18,15.0
3,1700,KCX 811T/H/MATATU & M/CYCLE KBF 923J FOCIN,AWENDO,MIGORI,AWENDO - RONGO,THE M/CYCLE COLLIDED HEAD ON WITH THE M/VEHICLE,M,A,50.0,RIDER & P/PASSENGER,2017-03-21,17.0
3,1540,KCB 808J RANGE ROVER SPORT & M/CYCLE,SAGANA,KIRINYAGA,SAGANA-MAKUTANO,THE VEHICLE LOST CONTROL AND KNOCKED DOWN THE M/CYCLE,M,21 & 21,26.0,RIDER & P/PASSENGER,2017-03-21,15.0
3,1400,UNREGISTERED M/CYCLE,DTEO GIGIRI,NAIROBI,PROF.WANGARI MATHAI,THE M/CYCLE LOST CONTROL AND ROLLED SEVERAL TIMES,M,A,36.0,RIDER & P/PASSENGER,2017-03-21,14.0
3,0930,KYX 551 T/P/UP & M/CYCLE KMDG 038X RANGER,KANDARA,MURANGA,MAKENJI-MURUKA,THE M/CYCLE COLLIDED HEAD ON WITH THE M/VEHICLE,M,A,37.0,RIDER & P/PASSENGER,2017-03-21,9.0
3,1350,M/C KMDQ789F BOXER & UNKNOWN M/VEHIVLE,DTEO EMBAKASI,NAIROBI,MOMBASA RD,VEHICLE KNOCKED DOWN A VICTIM,M,A,29.0,RIDER,2017-03-25,13.0
7,2000,"UNREGISTERED M/CYCLE, PEDESTRIAN",chuka,THARAKA NITHI,KIRIANE MUTINDWA ROAD,RIDDER HIT A PEDESTRIAN CROSSING THE ROAD,M,J,,RIDER,2017-07-30,20.0
3,0710,M/V KBP 024Q MITSUBISHI OUTLANDER & M/C KMDE 518E TORNADO,DTEO GILGIL,NAIROBI,LOWER KABETE,THE MISTUBISHI OUTLANDER FAILED TO KEEP TO HIS LANE AND COLLIDED WITH M/CYCLIST KILLING HIM INSTANTLY.,M,39,8.0,RIDER,2017-03-25,7.0
3,1500,KBS 969D LORRY & KMDS 737M DAYUN,THIKA,KIAMBU,NYERI - THIKA,THE M/CYCLE HIT THE REAR SIDE OF THE LORRY,M,40,57.0,RIDER,2017-03-21,15.0
3,1600,KBS 393J HARRIER & M/CYCLE KMCS 524Y HAOJUE,OLKALOU,NYANDARUA,OLKALOU-KARIAMU,THE VEHICLE COLLIDED HEAD ON WITH THE M/CYCLE,M,50,7.0,RIDER,2017-03-21,16.0
4,1200,KTWB 815D,EMBU,EMBU,EMBU-KIBUGU,"THE TRICYCLE LOST CONTROL , VEERING OFF THE ROAD AND LANDED INTO A DITCH.",M,A,26.0,RIDER,2017-04-25,12.0
7,2130,KBJ 388F T/PREMIO & M/CYCLE,MACHAKOS,MACHAKOS,MACHAKOS-KYUMBI,VEHICLE KNOCKED DOWN A VICTIM,M,A,98.0,RIDER,2017-07-03,21.0
3,0745,KCJ 271F VITZ & M/C KMDM 733G ZAN LG,KILIFI,KILIFI,KILIFI-MOMBASA,THE M/VEHICLE LOST CONTROL AND HIT THE M/CYCLE,M,A,26.0,RIDER,2017-03-19,7.0
5,1540,M/V KBE 892C M/LORRY AND M/CYC.KMDG 065U BOXER,NAKURU,NAKURU,ELDORET NAKURU,LORRY COLLUDED WITH A M/CYCLE KILLING THE RIDER ON THE SPOT.,M,20,22.0,RIDER,2017-05-13,15.0
3,1200,KBJ 687F TOYOTA MATATU & M/C KMCS 752R JINCHENG,JUJA,KIAMBU,GATUNDU RD,THE MOTORCYCLE COLLIDED WITH THE SAID MATATU,M,A,8.0,RIDER,2017-03-18,12.0
3,0610,KBX 997Q,DIANI,KILIFI,KILIIFI-DIANI,THE VEHICLE LOST CONTOL AND RAMMED INTO A TREE,M,25,7.0,RIDER,2017-03-18,6.0
5,1230,M/CY. KMDV 158T BOXER,KENDU BAY,HOMA BAY,KENDU BAY/ HOMA BAY RD,M/CYCLIST LOST CONTROL AND HIT A CULVERT ON THE SIDE OF THE ROAD.DIED ON THE SPOT.,M,40,26.0,RIDER,2017-05-20,12.0
3,2030,KBB 712T ISUZU M/BUS & KMCZ 541P BOXER,DTEO INDO AREA,NAIROBI,LIKONI ROAD,THE BUS HIT THE M/CYCLE ON THE REAR,M,A,39.0,RIDER,2017-03-09,20.0
2,2039,KCC 374L HINO MINIBUS & KMCG 188U SKYGO,KANGUNDO,MAKUENI,NAIROBI-KANGUNDO,THE VEHICLE COLLIDED HEAD ON WITH THE M/CYCLE,M,36,82.0,RIDER,2017-02-22,20.0
8,2130,M/V KAK 806M T/MATATU $M/CY MDS 739S BOXER,NYAHURURU,NYANDARUA,NYAHURURU BOIMAN RD,HEAD ON COLLISSION,M,A,39.0,RIDER,2017-08-04,21.0
3,1430,KBM 896W TOYOTA IST & KMBX 077W HONDA,AHERO,MIGORI,KISUMU-NAIROBI,THE VEHICLE HIT THE M/CYCLE,M,26,29.0,RIDER,2017-03-09,14.0
3,1530,KMDZ 933Y CAPTAIN & T/PROBOX,MERU,MERU,MITUNGUU-NKUBU,THE VICTIM WAS RAN OVER BY A VEHICLE,M,32,57.0,RIDER,2017-03-09,15.0
5,1700,"M/V KCG 337Y R.ROVER, M/CYC. KMDL 946J BOXER AND KMCQ 249T BOXER",BUTERE,KISUMU,SAB ATIA EKERO RD,M/V DRIVER HIT TWO M/CYCLES AT A ROAD JUNCTION KILLING THEM ON THE SPOT.,M,A,10.0,RE,2017-05-20,17.0
5,1000,KMDZ 204F BAJAJ BOXER AND KAE 617P FORD,KERICHO,KERICHO,KENEGUT KAPSOIT,VEHICLE KNOCKED DOWN A VICTIM,F,A,37.0,PILLION PASSENGERS,2017-05-29,10.0
8,2000,KCL 549H TOYOTA PASSO AND KMCP 129J,ATHI RIVER,MACHAKOS,,VEHICLE KNOCKED DOWN A VICTIM,J,J,8.0,PILLION PASSENGER,2017-08-11,20.0
7,1900,GKB 813D FORD RANGER,NAKURU,NAKURU,NAKURU-NAIROBI,VEHICLE KNOCKED DOWN A VICTIM,M,A,90.0,PEDSTIRAN,2017-07-29,19.0
7,2050,KBY 113K T/MATATU,RUIRU,KIAMBU,THIKA SUPER HIGHWAY,THE VEHICE KNOCKED DOWN A VICTIO\M,M,A,60.0,PEDSTIRAN,2017-07-29,20.0
6,1550,UNKNOWN M/V & 2 PEDS,SAGANA,KIRINYAGA,SAGANA-MAKUTANO-KENOL RD,THE UNKNOWN M/V DRIVEN BY UNKNOWN DRIVER HEADING TO NAIROBI RAMMED THE REAR OF THE M/CYCLE BEFORE LOOSING CONTROL AND KNOCKING DOWN TWO PEDESTRIANS KILLING THEM ON THE SPOT,M,21& 28,7.0,PEDESTRIANS,2017-06-17,15.0
3,1945,"KCB 954D T/MATATU, M/C KMDU 487R SKYGO &UNKNOWN TRAILER",NAIVASHA,NAKURU,NAKURU- NAIROBI,HIT & RUN,M,A,39.0,PEDESTRIAN & RIDER,2017-03-25,19.0
7,1230,KBX 682K TOYOTA MATATU,MERU,MERU,MERU EMBU,VEHICLE KNOCKED DOWN A VICTIM,M,58,10.0,PEDESTRIAN,2017-07-07,12.0
7,1645,KMCW 866P SKYGO,MACHAKOS,MACHAKOS,KAVIANI SAIKONI,THE CYCLE KNOCKED DOWN THE VICTIM,F,3,10.0,PEDESTRIAN,2017-07-07,16.0
7,2240,KBY 038A TOYOTA PRADO,NTULELE,NAROK,NAROK MAI MAHIU,VEHICLE KNOCKED DOWN A VICTIM,M,J,60.0,PEDESTRIAN,2017-07-05,22.0
7,1800,KCB 301V MITSUBISH CANTER,BOMET,BOMET,BOMET-NAROK,VEHICLE KNOCKED DOWN A VICTIM,F,25,68.0,PEDESTRIAN,2017-07-06,18.0
7,2240,UNKNOWN,EMBAKASI,NAIROBI,NORTH AIRPORT ROAD,HIT & RUN,M,A,98.0,PEDESTRIAN,2017-07-05,22.0
7,2200,KAX 769P TATA LORRY,STAREHE,NAIROBI,OUTERING ROAD,VEHICLE KNOCKED DOWN A VICTIM,M,A,98.0,PEDESTRIAN,2017-07-08,22.0
8,1045,KBX 888U MITSUBISH LORRY,NYERI,NYERI,TAGWA-NDATHI MURRAM ROAD,THE VICTIM TRIED TO BOARD THE MOVING VEHICLE AND FELL OFF,M,A,67.0,PEDESTRIAN,2017-08-01,10.0
8,1230,KBK 287U/ZC 3921 AXOR TRAILER,NAIVASHA,NAKURU,MAAI-MAHIU NAIVASHA,VEHICLE KNOCKED DOWN A VICTIM,M,39,68.0,PEDESTRIAN,2017-08-05,12.0
7,2040,UNKNOWN,INDO AREA,NAIROBI,LUNGALUNGA ROAD,HIT & RUN,M,A,98.0,PEDESTRIAN,2017-07-08,20.0
7,2030,KCH 132E TOYOTA HIACE,NAIVASHA,NAKURU,NAIROBI NAKURU,VEHICLE KNOCKED DOWN A VICTIM,F,50,63.0,PEDESTRIAN,2017-07-08,20.0
7,1730,KBP 438A ISUZU MINI BUS,MAKONGENI,NAIROBI,JOGOO ROAD,VEHICLE KNOCKED DOWN A VICTIM,M,A,98.0,PEDESTRIAN,2017-07-08,17.0
7,1130,KBJ 695B TOYOTA MATATU,NAKURU,NAKURU,BISMAK MURRAM ROAD,VEHICLE KNOCKED DOWN A VICTIM,J,2,98.0,PEDESTRIAN,2017-07-08,11.0
7,0400,KBT 569P ISUZU & KCC 189P ASHOK LEYLAND TIPPER,NTULELE,NAROK,NAROK MAI MAHIU,THE ISUZU LOST CONTROLVEERED OFF THE ROAD AND HIT THE TIPPER AND THE VICTIM,M,32,29.0,PEDESTRIAN,2017-07-08,4.0
7,0700,KBV 174D TOYOTA COROLLA,STAREHE,NAIROBI,KIAMBU ROAD,VEHICLE KNOCKED DOWN A VICTIM,M,32,63.0,PEDESTRIAN,2017-07-08,7.0
7,1350,UNKNOWN,LANGATA,NAIROBI,SOUTHERN BY PASS,HIT & RUN,M,A,98.0,PEDESTRIAN,2017-07-09,13.0
7,0800,KCK 029C ISUZU LORRY,EMBU,EMBU,KATHENGE SIAKAGO,VEHICLE KNOCKED DOWN A VICTIM,M,J,7.0,PEDESTRIAN,2017-07-09,8.0
7,2145,KBN 333C MERCEDES BENZ,DAGORETTI,NAIROBI,WAIYAKI WAY,VEHICLE KNOCKED DOWN A VICTIM,M,A,7.0,PEDESTRIAN,2017-07-09,21.0
7,2030,KCJ 720S MATATU,KISUMU,KISUMU,KISUMU NAIROBI,VEHICLE KNOCKED DOWN A VICTIM,M,A,10.0,PEDESTRIAN,2017-07-05,20.0
8,0630,KCC638N TOYOTA FIELDER,EMBAKASI,NAIROBI,MOMBASA ROAD,VEHICLE KNOCKED DOWN A VICTIM,M,39,98.0,PEDESTRIAN,2017-08-05,6.0
7,1720,KCG 133Y MAKE,NYAHURURU,NYANDARUA,NYAHURURU DESTINATION,VEHICLE KNOCKED DOWN A VICTIM,M,A,10.0,PEDESTRIAN,2017-07-05,17.0
6,1730,KTQ 120 ISUZU LORRY,ONGATA RONGAI,KAJIADO,MAGADI,VEHICLE KNOCKED DOWN A VICTIM,M,A,26.0,PEDESTRIAN,2017-06-23,17.0
6,0900,UNKNOWN,KENDU BAY,HOMA BAY,KENDU BAY-KATITO,HIT AND RAN,M,A,98.0,PEDESTRIAN,2017-06-16,9.0
6,0645,UNKNOWN,KAKAMEGA,KAKAMEGA,EKERO EBUHANGA,HIT AND RAN,M,26,98.0,PEDESTRIAN,2017-06-16,6.0
6,2015,KBF 517N NISSAN MATATU,DAGORETI,NAIROBI,WAIYAKI WAY,VEHICLE KNOCKED DOWN A VICTIM,M,59,98.0,PEDESTRIAN,2017-06-18,20.0
6,1900,UNKNOWN,KAKAMEGA,KAKAMEGA,KHAYEGA SHINYALU,HIT & RUN,M,33,7.0,PEDESTRIAN,2017-06-18,19.0
6,1330,KAU 090J/ZF 4842 NEW HOLLAND TRACTOR,KABRAS,KAKAMEGA,SHILONGO FUVARE MURRAM ROAD,THE VICTIM TRIED TO BOARD THE TRACTOR BUT FELL DOWN AND WAS OVERAN BY THE VEHICLE,M,20,69.0,PEDESTRIAN,2017-06-18,13.0
6,2000,KCG 332C TOYOTA MATATU,KENDU BAY,HOMA BAY,KATITU KENDU BAY,VEHICLE KNOCKED DOWN A VICTIM,M,37,98.0,PEDESTRIAN,2017-06-20,20.0
6,1600,KBX 833M/ZF 0301 M/BENZ & KBS 919F/ZD 9324 M/BENZ,MAKUPA,MOMBASA,MULTIPLE HAULIERS ROAD,THE KBX HIT THE KBS WHICH INTURN KNOCKED THE VICTIM,M,32,81.0,PEDESTRIAN,2017-06-20,16.0
6,2100,KCK 342X TOYOTA PREMIO,DAGORETI,NAIROBI,WAIYAKI WAY,VEHICLE KNOCKED DOWN A VICTIM,F,30,98.0,PEDESTRIAN,2017-06-22,21.0
6,1630,UNKNOWN MOTOR CYCLE,OTHAYA,NYERI,CHINGA GAKURU,THE CYCLE KNOCKED DOWN THE VICTIM,M,J,98.0,PEDESTRIAN,2017-06-23,16.0
6,1230,KMEB 631M TVS STAR,TURBO,KAKAMEGA,LWANDETI LUGARI,THE CYCLE KNOCKED DOWN THE VICTIM,M,A,98.0,PEDESTRIAN,2017-06-25,12.0
7,1030,KCH 602U TOYOTA RACTIS,KAKAMEGA,KAKAMEGA,KHAYEGA-SHINYALU,VEHICLE KNOCKED DOWN A VICTIM,M,32,7.0,PEDESTRIAN,2017-07-04,10.0
6,1500,KCA 345U HONDA STREAM,DAGORETI,NAIROBI,WAIYAKI WAY,VEHICLE KNOCKED DOWN A VICTIM,M,A,26.0,PEDESTRIAN,2017-06-30,15.0
6,0820,UNKNOWN,STAREHE,NAIROBI,THIKA SUPERHIGHWAY,HIT & RUN,M,31,63.0,PEDESTRIAN,2017-06-30,8.0
7,0730,KAB 543 543B TOYOTA MATATU,SUBUKIA,NAKURU,NAKURU-SUBUKIA,KNOCKED DOWN A PEDESTRIAN,M,A,63.0,PEDESTRIAN,2017-07-01,7.0
7,2100,KBL 382B,WEBUYE,BUNGOMA,BUNGOMA-WEBUYE,HIT AND KNOCKED DOWN PEDESTRIAN,M,A,7.0,PEDESTRIAN,2017-07-01,21.0
7,2145,KCF253D ISUZU LORRY,NAKURU,NAKURU,NAIROBI-NAKURU,KNOCKED DOWN A PEDESTRIAN,F,A,60.0,PEDESTRIAN,2017-07-02,21.0
7,0730,KCK514G SCANIA BUS,CHANGAMWE,MOMBASA,NAIROBI-MOMBASA,KNOCKED DOWN A PEDESTRIAN,M,40,68.0,PEDESTRIAN,2017-07-02,7.0
7,1730,KAS 135A TOYOTA DX,KIAMBU,KIAMBU,BANANA-KIAMBU,VEHICLE KNOCKED DOWN A VICTIM,M,A,68.0,PEDESTRIAN,2017-07-03,17.0
7,2100,KBK 873D TOYOTA MATATU,KIAMBU,KIAMBU,KIAMBU-RUIRU,VEHICLE KNOCKED DOWN A VICTIM,M,A,7.0,PEDESTRIAN,2017-07-10,21.0
7,2230,KBD 939T/ZD 9020 NISSAN DIESEL TRAILER,CHANGAMWE,MOMBASA,NAIROBI-MOMBASA,VEHICLE KNOCKED DOWN A VICTIM,M,42,29.0,PEDESTRIAN,2017-07-04,22.0
7,2155,KBE 040P SCANIA BUS,DAGORETTI,NAIROBI,WAIYAKI WAY,VEHICLE KNOCKED DOWN A VICTIM,M,49,7.0,PEDESTRIAN,2017-07-09,21.0
7,2140,KAV 877Y MITSUBISHI LORRY,WEBUYE,BUNGOMA,ELDORET BUNGOMA,VEHICLE KNOCKED DOWN A VICTIM,M,A,68.0,PEDESTRIAN,2017-07-13,21.0
7,2345,KBX 087A T/MATATU,KITUI,KITUI,KITUI-KANYONYO,VEHICLE KNOCKED DOWN A VICTIM,M,30,61.0,PEDESTRIAN,2017-07-12,23.0
7,2050,KBY 627R TOYOTA HILUX,KEIYO,ELGEYO MARAKWET,ITEN ELDORET,VEHICLE KNOCKED DOWN A VICTIM,F,27,61.0,PEDESTRIAN,2017-07-19,20.0
7,1800,KBL 392Z TOYOTA PROBOX,KIRITIRI,EMBU,KIVAA-KIRITIRI,VEHICLE KNOCKED DOWN A VICTIM,M,J,10.0,PEDESTRIAN,2017-07-21,18.0
7,2330,KCA 754X SUZUKI SWIFT,ATHI RIVER,MACHAKOS,MOMBASA -NAIROBIU,VEHICLE KNOCKED DOWN A VICTIM,M,A,29.0,PEDESTRIAN,2017-07-21,23.0
7,1815,KBH 134M TOYOTA NADIA,NYAMIRA,NYAMIRA,NYAMIRA KISII,VEHICLE KNOCKED DOWN A VICTIM,M,7,29.0,PEDESTRIAN,2017-07-22,18.0
7,0800,UNKNOWN,BOMET,BOMET,BOMET KAPLONG,HIT & RUN,M,48,98.0,PEDESTRIAN,2017-07-22,8.0
8,1800,KBJ615S TOYOTA HIACE,NAKURU,NAKURU,NAKURU-RAVINE,KNOCKED DOWN A J/PEDESTRIAN,M,J,98.0,PEDESTRIAN,2017-08-03,18.0
8,1900,UNKNOWN MOTOR CYCLE,SUBA,HOMABAY,MBITA-HOMABAY,HIT & RUN,M,J,26.0,PEDESTRIAN,2017-08-03,19.0
8,0600,M/V KAD 956W PEUGEOT 504 &F/A/PED,DTEO LANGATA,NAIROBI,SOUTHERN BY-PASS,VEHICLE KNOCKED DOWN A VICTIM,F,41,98.0,PEDESTRIAN,2017-08-02,6.0
7,0830,KAZ 784M N/SALOON,SAGANA SUB BASE,KIRINYAGA,MAKUTANO SAGANA,VEHICLE KNOCKED DOWN A VICTIM,F,45,,PEDESTRIAN,2017-07-24,8.0
7,1710,KAR 128J TOYOTA MATATU,MAKONGENI,NAIROBI,FIRST AVENUE,VEHICLE KNOCKED DOWN A VICTIM,F,25,68.0,PEDESTRIAN,2017-07-25,17.0
7,2050,KBU 627F T/CRUISER,MTITO ANDEI,MAKUENI,NAIROBI MOMBASA ROAD,VEHICLE KNOCKED DOWN A VICTIM,M,31,60.0,PEDESTRIAN,2017-07-26,20.0
7,1810,KCB 215U T/HIACE,BURUBURU,NAIROBI,OUTERING ROAD,VEHICLE KNOCKED DOWN A VICTIM,M,45,,PEDESTRIAN,2017-07-26,18.0
7,1100,KBD 938P M/BENZ LORRY,GIGIRI,NAIROBI,FIRST PARKLANDS AVENUE,VEHICLE KNOCKED DOWN A VICTIM,M,A,,PEDESTRIAN,2017-07-26,11.0
7,2245,KBS 432X T/SALOON,NYAMIRA,NYAMIRA,MOGOMBO-KEMERA,THE VEHICLE LOST CONTROL VEERING OFF THE ROAD AND KNOCKED DOWN THE VICTIM,M,A,26.0,PEDESTRIAN,2017-07-27,22.0
7,1130,KCL 661J L/ROVER,CENTRAL,NAIROBI,KENYATTA AVENUE,VEHICLE KNOCKED DOWN A VICTIM,M,45,98.0,PEDESTRIAN,2017-07-27,11.0
7,1500,KJU 765 FIAT LORRY,CHANGAMWE,MOMBASA,NAIROBI-MOMBASA,THE LORRY OVERAN A PEDESTRIAN WHO TRIED TO STEAL A RIDE,M,30,72.0,PEDESTRIAN,2017-07-27,15.0
7,1050,KBN 702G T/PROBOX,BARINGO,BARINGO,ITEN-KARBANET,VEHICLE KNOCKED DOWN A VICTIM,F,J,7.0,PEDESTRIAN,2017-07-28,10.0
8,1530,M/V KBH 361KBEDFORD LORRY B/DOWN & M/A/PAX,CENTRAL,NAIROBI,KOMBO MUNYIRI RD,HIT A PEDESTRIAN WHILE REVERSING,M,59,,PEDESTRIAN,2017-08-02,15.0
7,1700,KBB812H N/MATATU PEDESTRIAN,VOI,TAITA TAVETA,KASIGU-MAUNGU,M/V HIT A PEDESTRIAN CROSSING THE ROAD,M,J,98.0,PEDESTRIAN,2017-07-30,17.0
7,1630,KCM 570L M/LANCER PEDESTRIAN,MAKINDU,MAKUENI,NAIROBI MOMBASA ROAD,M/V HIT A PEDESTRIAN CROSSING THE ROAD,M,70,60.0,PEDESTRIAN,2017-07-30,16.0
7,1830,KBY 638K ISUZU BUS,MUTHANGARI,NAIROBI,NAIVASHA ROAD,THE PEDESTRIAN FELL DOWN WHILE HE WAS TRYING TO BOARD THE BUS,M,A,72.0,PEDESTRIAN,2017-07-21,18.0
7,2030,KBV 335Y NISSAN VANETTE,KAPSABET,NANDI,ELDORET KAPSABET,VEHICLE KNOCKED DOWN A VICTIM,M,A,10.0,PEDESTRIAN,2017-07-19,20.0
7,2130,KBS 733N/ZE 2798 ACTROS TRAILER,NAKURU,NAKURU,NAIROBI-NAKURU,VEHICLE KNOCKED DOWN A VICTIM,F,A,60.0,PEDESTRIAN,2017-07-12,21.0
7,1830,KBM 823C NISSAN MATATU,DAGORETI,NAIROBI,WAIYAKI WAY,VEHICLE KNOCKED DOWN A VICTIM,M,A,7.0,PEDESTRIAN,2017-07-19,18.0
7,0600,KBP MITSUBISH CANTER,KAYOLE,NAIROBI,KANGUNDO ROAD,VEHICLE KNOCKED DOWN A VICTIM,F,20,60.0,PEDESTRIAN,2017-07-12,6.0
7,1130,KCA 220R M/TIPPER & PEDESTRIAN & KBX 265H N/SALOON,KENDU BAY,HOMABAY,KENDU BAY TOWN SHIP,LOST CONTROL AND RAMMED ON ANOTHER VEHICLE,M,28,63.0,PEDESTRIAN,2017-07-30,11.0
8,2230,KCJ 814M TOYOTA PROBOX,GUCHA,KISII,KEROKA-NYANGUSU,VEHICLE KNOCKED DOWN A VICTIM,M,J,98.0,PEDESTRIAN,2017-08-05,22.0
8,1630,M/V KCF 014L PROBOX $ M/CY KMED 081R TVS,NYAMIRA,NYAMIRA,NYAMIRA-MIRUKA RD,M/V LOST CONTROL HITTING PEDESTRIANS,M,A,26.0,PEDESTRIAN,2017-08-04,16.0
7,0200,KCL 640B PEGEOUT,DAGORETTI,NAIROBI,WAIYAKI WAY,VEHICLE KNOCKED DOWN A VICTIM,M,51,98.0,PEDESTRIAN,2017-07-14,2.0
7,1600,KBT 332C TOYOTA PRADO,KISII,KISII,KISII KISUMU,VEHICLE KNOCKED DOWN A VICTIM,M,J,26.0,PEDESTRIAN,2017-07-14,16.0
7,1300,KTWB 541J PIAGGIO,LIKONI,KILIFI,LIKONI UKUNDA,VEHICLE KNOCKED DOWN A VICTIM,M,55,7.0,PEDESTRIAN,2017-07-14,13.0
11,1430,KBS 518A HONDA CRV,NAROK,NAROK,NAROK-MAU,VEHICLE KNOCKED DOWN A VICTIM,M,80,68.0,PEDESTRIAN,2017-11-06,14.0
7,1730,KCA 113G M/BENZ,CENTRAL,NAIROBI,UHURU HIGHWAY,VEHICLE KNOCKED DOWN A VICTIM,M,36,63.0,PEDESTRIAN,2017-07-15,17.0
7,1700,KCC 016P LEYALND LORRY,KAYOLE,NAIROBI,KANGUNDO ROAD,VEHICLE KNOCKED DOWN A VICTIM,M,A,98.0,PEDESTRIAN,2017-07-15,17.0
6,1330,KBA 923B PREMIO,NYAMIRA,NYAMIRA,NYAMIRA KISII ROAD,VEHICLE KNOCKED DOWN A VICTIM,M,10,98.0,PEDESTRIAN,2017-06-11,13.0
7,2130,UNKNOWN,MUMIAS,KAKAMEGA,MUMIAS KAKAMEGA,HIT & RUN,F,A,98.0,PEDESTRIAN,2017-07-16,21.0
8,2120,M/V/KAS 326G I/M/BUS $ PEDS,DTEO CENTRAL,NAIROBI,TOM MBOYA STREET,M/V HIT PEDESTRIANS CROSSING THE ROAD,F,35,10.0,PEDESTRIAN,2017-08-04,21.0
7,2020,KMDY 585T HERO,NYERI,NYERI,NYERI MATHARI,VEHICLE KNOCKED DOWN A VICTIM,M,57,98.0,PEDESTRIAN,2017-07-16,20.0
8,2140,KAZ587Q TOYOTA DUET,MATUU,MACHAKOS,MATUU-MWINGI,KNOCKED DOWN A PEDESTRIAN,M,A,8.0,PEDESTRIAN,2017-08-03,21.0
8,2030,KAM394W TOYOTA MATATU,VIHIGA VIHIGA,VIHIGA,LUANDA-MAJENGO,KNOCKED DOWN A PEDESTRIAN,M,A,59.0,PEDESTRIAN,2017-08-03,20.0
7,1900,UNKNOWN,LARI,KIAMBU,NAIROBI NAIVASHA,HIT & RUN,M,26,60.0,PEDESTRIAN,2017-07-16,19.0
7,1600,KCH 988Z TOYOTA MATATU,KEROKA,KISII,KISII KEROKA,VEHICLE KNOCKED DOWN A VICTIM,M,J,7.0,PEDESTRIAN,2017-07-19,16.0
7,1600,KCL 573Y/ZF 6874 FAW,ATHI RIVER,MACHAKOS,NAIROBI MOMBASA,VEHICLE KNOCKED DOWN A VICTIM,M,A,98.0,PEDESTRIAN,2017-07-19,16.0
6,1100,KBM 117V BUS,MUTHANGARI,NAIROBI,MATHIORA ROAD,VEHICLE KNOCKED DOWN A VICTIM,M,A,98.0,PEDESTRIAN,2017-06-11,11.0
7,2000,T259CNS SUZUKI VITARA,KAJIADO,KAJIADO,KAJIADO ISINYA,VEHICLE KNOCKED DOWN A VICTIM,M,A,98.0,PEDESTRIAN,2017-07-15,20.0
6,0210,UNKNOWN,LIMURU,KIAMBU,LIMURU KWABIRA,HIT & RUN,M,30,98.0,PEDESTRIAN,2017-06-11,2.0
5,0530,KAW 846G ISUZU BUS,MAKONGENI,NAIROBI,JOGOO ROAD,VEHICLE KNOCKED DOWN A VICTIM,M,A,98.0,PEDESTRIAN,2017-05-23,5.0
3,2050,KCH 294S TOYOTA MATATU,MATUU,MACHAKOS,MATUU THIKA,VEHICLE KNOCKED DOWN A VICTIM,M,A,68.0,PEDESTRIAN,2017-03-14,20.0
3,2230,KBU 238S TOYOTA SALOON,KIAMBU,KIAMBU,NAIROBI NAIVASHA,VEHICLE KNOCKED DOWN A VICTIM,M,A,68.0,PEDESTRIAN,2017-03-14,22.0
3,1600,UNKNOWN M/V,KIAMBU,KIAMBU,NORTHEN BY PASS,HIT & RUN,M,60,7.0,PEDESTRIAN,2017-03-14,16.0
3,1100,KAU 544A MITSUBISHI CANTER,KIAMBU,KIAMBU,NORTHERN BY PASS,VEHICLE KNOCKED DOWN A VICTIM,M & F,A,11.0,PEDESTRIAN,2017-03-16,11.0
3,2100,KBT 760F TOYOTA FIELDER,MWEA,KIRINYAGA,KENOL MAKUTANO,VEHICLE KNOCKED DOWN A VICTIM,M,45,63.0,PEDESTRIAN,2017-03-17,21.0
3,1430,T830 ATE MINI CANTER,ISIBANIA,MIGORI,NYABOHANSE KOMOMWAMU,VEHICLE KNOCKED DOWN A VICTIM,F,4,19.0,PEDESTRIAN,2017-03-17,14.0
3,1900,UNKNOWN M/V & M/J/PED,KINDU-BAY,HOMA-BAY,KINDU-BAY KATITU,VEHICLE KNOCKED DOWN A VICTIM,M,8,98.0,PEDESTRIAN,2017-03-18,19.0
3,2030,M.C KMDZ 496C BOXER & M/A/PED,SIAYA,SIAYA,BONDO-KISUMU,THE M/CYCLE KNOCKED DOWN A PEDESTRIAN,F,65,98.0,PEDESTRIAN,2017-03-18,20.0
3,2205,KCA 973Q T/ISIS & F/A/PED,STAREHE,NAIROBI,MURANGA RD,VEHICLE KNOCKED DOWN A VICTIM,F,28,68.0,PEDESTRIAN,2017-03-19,22.0
3,2215,KBT 651 T/COROLLA & M/A/PED,KANGUNDO,MACHAKOS,NAIROBI-TALA ROAD,VEHICLE KNOCKED DOWN A VICTIM,M,41,,PEDESTRIAN,2017-03-19,22.0
3,1230,KAS 509M I/M/BUS & M/A/PED,MARIAKANI,KILIFI,KALOLENI- MAZERAS RD,THE VEHICLE HIT A PEDESTRIAN,M,33,10.0,PEDESTRIAN,2017-03-19,12.0
3,0430,UNKNOWN M/V & PEDS,DTEO KAYOLE,NAIROBI,KANGUNDO RD,VEHICLE KNOCKED DOWN A VICTIM,F,40,98.0,PEDESTRIAN,2017-03-19,4.0
3,1930,UNKNOWN M/V & PED,BUNGOMA,BUNGOMA,BUNGOMA-MALABA,HIT & RUN,M/J,13,99.0,PEDESTRIAN,2017-03-20,19.0
3,2030,KCF 105P TOYOTA MATATU & PED,NYANDARUA,NYANDARUA,OLKALOU-NYAHURURU ROAD,THE MATATU KNOCKED DOWN A PEDESTRIAN,M,47,60.0,PEDESTRIAN,2017-03-20,20.0
3,1530,KBJ 857X T/SALOON & PED,KIAMBU,KIAMBU,NORTHERN BY PASS ROAD,VEHICLE KNOCKED DOWN A VICTIM,M/A,22,60.0,PEDESTRIAN,2017-03-20,15.0
3,2115,KCK 467C T/MATATU & M/A/PED,KARATINA,NYERI,NYERI-KARATINA,VEHICLE KNOCKED DOWN A VICTIM,M,A,63.0,PEDESTRIAN,2017-03-21,21.0
3,1900,KCE 398E PROBOX & M/J/PED,TRANSMARA,NAROK,KISII-KILGORIS,THE VEHICLE MADE A SUDDEN U-TURN DRAGGING A PEDESTRIAN,M,9,15.0,PEDESTRIAN,2017-03-21,19.0
3,0930,M/CYCLE 692D TVS & M/A/PED,NANDI CENTRAL,NANDI,KAPSABET-CHAVAKALI,THE M/CYCLE KNOCKED DOWN A PEDESTRIAN,M,38,6.0,PEDESTRIAN,2017-03-21,9.0
3,1400,KAW 188K ISUZU MINI BUS,SOTIK,BOMET,SOTIK-NAROK,THE BUS RAN OVER THE VICTIM WHO WAS TRYING TO BOARD THE MOVING BUS,J,M,9.0,PEDESTRIAN,2017-03-22,14.0
3,0730,KBP 943J T/WISH & F/A/PED,SAGANA,KIRINYAGA,SAGANA-KARATINA,THE VEHICLES KNOCKED DOWN A PEDESTRIAN,F,43,98.0,PEDESTRIAN,2017-03-23,7.0
3,0220,HIT AND RUN,INDO AREA,NAIROBI,MOMBASA,UNKNOWN PEDESTRIAN WAS HIT BY UNKNOWN M/V WHICH DID NOT STOP AND DIED ON THE SPOT.,M,A,98.0,PEDESTRIAN,2017-03-24,2.0
3,2000,KMDS 495Y,MOYALE,MOYALE,SESSI,THE CYCLE KNOCKED DOWN THE VICTIM,M,59,98.0,PEDESTRIAN,2017-03-14,20.0
3,1930,UNKNOWN M/V,BUNGOMA,BUNGOMA,BUNGOMA WEBUYE,HIT & RUN,F,A,98.0,PEDESTRIAN,2017-03-13,19.0
3,0840,KCA 999L PORSCHE,DAGORETTI,NAIROBI,WAIYAKI WAY,VEHICLE KNOCKED DOWN A VICTIM,F,A,60.0,PEDESTRIAN,2017-03-12,8.0
3,1730,UNKNOWN M/V & F/A/PED,KIKUYU,KIAMBU,SOUTHERN BY PASS,VEHICLE KNOCKED DOWN A VICTIM,F,42,98.0,PEDESTRIAN,2017-03-09,17.0
2,2145,KCH 357W T/IST & M/A/PED,DTEO KASARANI,NAIROBI,THIKA RD,VEHICLE KNOCKED DOWN A VICTIM,M,20,98.0,PEDESTRIAN,2017-02-22,21.0
2,1730,GK B 529 ISUZU DMAX & M/J/PED,KURIA,MIGORI,NTIMARU-KEHANCHA,VEHICLE KNOCKED DOWN A VICTIM,M,J,36.0,PEDESTRIAN,2017-02-22,17.0
2,0930,UNKNOWN,MOGOTIO,BARINGO,EMINING-OTERIT RD,VEHICLE KNOCKED DOWN A VICTIM,M,31,30.0,PEDESTRIAN,2017-02-22,9.0
2,2030,UNKNOWN,THIKA,KIAMBU,THIKA GATANGA,HIT & RUN,M,37,98.0,PEDESTRIAN,2017-02-28,20.0
3,0800,UNKNOWN M/V,NAIVASHA,NAKURU,NAIVASHA KINANGOP,HIT & RUN,M,45,98.0,PEDESTRIAN,2017-03-01,8.0
3,2045,KCJ 697J TOYOTA RUSH,NJORO,NAKURU,ELBURGON NJORO,VEHICLE KNOCKED DOWN A VICTIM,F,39,29.0,PEDESTRIAN,2017-03-07,20.0
3,1630,KBY 010N TOYOTA AXIO,HOMABAY,HOMABAY,HOMABAY-KENDU BAY,VEHICLE KNOCKED DOWN A VICTIM,M,A,63.0,PEDESTRIAN,2017-03-07,16.0
3,1600,KBP 631V ISUZU LORRY,KIKUYU,KIAMBU,KIKUYU-DAGORETTI,THE LORRY KNOCKED DOWN A PEDESTRIAN,M,69,63.0,PEDESTRIAN,2017-03-07,16.0
3,1205,KBM 918Q TOYOTA FIELDER,INDO AREA,NAIROBI,MOMBASA ROAD,VEHICLE KNOCKED DOWN A VICTIM,F,A,63.0,PEDESTRIAN,2017-03-07,12.0
3,2030,KCC 648S ISUZU BUS,DTEO CENTRAL,NAIROBI,MURANG'A ROAD,VEHICLE KNOCKED DOWN A VICTIM,M,62,98.0,PEDESTRIAN,2017-03-10,20.0
3,1720,KCA 741X T/FIELDER,BOMET,BOMET,BOMET -NAROK,VEHICLE KNOCKED DOWN A VICTIM,M,J,68.0,PEDESTRIAN,2017-03-12,17.0
3,1400,KAU 846M TOYOTA MATATU,DTEO INDO AREA,NAIROBI,MOMBASA ROAD,THE VEHICLE LOST CONTROL AND VEERED OFF THE ROAD,M,A,26.0,PEDESTRIAN,2017-03-10,14.0
3,0930,KBJ 916R NISSAN UD BUS,KISUMU,KISUMU,KISUMU TOWNSHIP,THE BUS RAN OVER THE VICTIM,M,A,98.0,PEDESTRIAN,2017-03-10,9.0
3,0230,KBH 233M TOYOTA HARRIER,ATHI RIVER,MACHAKOS,NAIROBI MOMBASA,VEHICLE KNOCKED DOWN A VICTIM,M,A,60.0,PEDESTRIAN,2017-03-11,2.0
3,0130,UNKNOWN CYCLE,OTHAYA,NYERI,NDUNYU MUNYANGE,THE CYCLE KNOCKED DOWN THE VICTIM,M,56,36.0,PEDESTRIAN,2017-03-11,1.0
3,2130,UNKNOWN,TAWA POLICE STN,MAKUENI,TAWA KALAWANI,HIT & RUN,M,40,98.0,PEDESTRIAN,2017-03-11,21.0
3,1610,KCE 689T TOYOTA MATATU,MWEA,KIRINYAGA,MWEA EMBU,VEHICLE KNOCKED DOWN A VICTIM,M,A,11.0,PEDESTRIAN,2017-03-11,16.0
3,1145,41CG032A T/FORTUNER,SALGAA,NAKURU,NAKURU ELDORET,THE VEHICLE LOST CONTROL AND KNOCKED DOWN THE VICTIMS,M,A,26.0,PEDESTRIAN,2017-03-11,11.0
3,2045,KBS 821W TOYOTA MATATU,DAGORETTI,NAIROBI,WAIYAKI WAY,VEHICLE KNOCKED DOWN A VICTIM,M,A,98.0,PEDESTRIAN,2017-03-12,20.0
3,1800,UNKNOWN M/VEHICLE (HIT & RUN),AWENDO,MIGORI,RONGO- AWENDO,VEHICLE KNOCKED DOWN A VICTIM,F,26,98.0,PEDESTRIAN,2017-03-12,18.0
3,1530,KCJ 130W NISSAN MATATU,BURETI,KERICHO,KERICHO LETAIN,VEHICLE KNOCKED DOWN A VICTIM,F,61,7.0,PEDESTRIAN,2017-03-24,15.0
3,1445,KBN 858F ISUZU BUS,KIAMBU,KIAMBU,KIAMBU WEST,THE M/V HIT THE VICTIM KILLING HIM.,M,22,11.0,PEDESTRIAN,2017-03-24,14.0
3,1830,KBJ 538Q ISUZU BUS,ELDORET,UASIN NGISHU,PLATEAU GIRLS HIGH SCHOOL,HIT & RUN,F,16,70.0,PEDESTRIAN,2017-03-24,18.0
5,0630,UNKNOWN M/V (HIT AND RUN),NAMANGA,KAJIADO,NAMANGA- KAJIADO,M/V KILLED A M/A PEDESTRIAN KILLING HIM ON THE SPOT.,M,63,61.0,PEDESTRIAN,2017-05-19,6.0
5,2320,M/V KBR 287A T/PREMIO AND M/A/PED,NAKURU,NAKURU,ELDORET NAKURU,M/V HIT ONE PERSON CROSSING THE ROAD KILING HIM INSTANTLY.,M,25,60.0,PEDESTRIAN,2017-05-13,23.0
5,1930,M/V SSD 046G TOYOTA RAV4 AND M/A/PED,NAKURU,NAKURU,ELDORET NAKURU,M/V DRIVER KNOCKED DOWN A PERSON CROSSING THE ROAD KILLING HIM ON THE SPOT.,M,57,60.0,PEDESTRIAN,2017-05-13,19.0
5,0900,UNKNOWN M/V AND M/A/PED,KANDARA,MURANGA,KANDARA- KITHIMA,M/V HIT ONE PERSON KILLING HIM INSTANTLY.,M,36,98.0,PEDESTRIAN,2017-05-13,9.0
5,1730,KBB 181J TOYOTA PRADO,STAREHE,NAIROBI,THIKA SUPERHIGHWAY,VEHICLE KNOCKED DOWN A VICTIM,M,A,63.0,PEDESTRIAN,2017-05-14,17.0
5,1030,KMDS 131B CAPTAIN,EMBU,EMBU,EMBU- SIAKAGO,M/CYCLIST KNOCKED DOWN A F/A PEDESTRIAN WHO WAS CROSSSIND THE ROAD KILING HIM ON THE SPOT.,F,77,61.0,PEDESTRIAN,2017-05-14,10.0
5,1000,KCL 221J TOYOTA FORYUNER,EMBAKASI,NAIROBI,MOMBASA ROAD,M/V DRIVER DUE TO HIGH SPEED LOST CONTROL VEERING OFF THE ROAD KNOCKING DOWN A M/A PEDESTRIAN KILLING HIM ON THE SPOT.,M,30,29.0,PEDESTRIAN,2017-05-14,10.0
5,1100,KBL 062P LIBERTY,KIMILILI,BUNGOMA,KITALE-WEBUYE,THE DRIVER OF THE SAID VEHICLE HIT A PEDESTRIAN ON REACHING THE LOCATION OF THE ACCIDENT.,1,A,7.0,PEDESTRIAN,2017-05-15,11.0
5,2000,KBM 505F CANTER & KCC 078H MAN SHACK LORRY,MACHAKOS,MACHAKOS,MACHAKOS-HUDUMA CENTRE,THE VEHICLEKNOCKED DOWN THE VICTIM,M,40,16.0,PEDESTRIAN,2017-05-18,20.0
5,1940,UNKNOWN M/V (HIT AND RUN),NAIVASHA,NAKURU,MAI MAHIU- NAIVASHA,VEHICLE KNOCKED DOWN A VICTIM,M,A,98.0,PEDESTRIAN,2017-05-19,19.0
5,1945,M/CY KMDW 865R AND M/A/PED,NGARUA,LAIKIPIA,KINAMBA- NYAHURURU,M/CYCLIST KNOCKED A PERSON CROSSSING THE ROAD FROM L-R AND HE DIED ON THE SPOT.,M,43,63.0,PEDESTRIAN,2017-05-20,19.0
5,0730,KBQ 867K TOYOTA TOWNACE,KIKUYU,KIAMBU,KIKUYU-WANGIGE,THE VEHICLE LOST CONTROL VEERING OFF THE ROAD,F,45,11.0,PEDESTRIAN,2017-05-12,7.0
8,2130,KBG 733R I/D/ MAX,GITHUNGURI,KIAMBU,,VEHICLE KNOCKED DOWN A VICTIM,M,31,38.0,PEDESTRIAN,2017-08-09,21.0
5,0600,UNKNOWN M/V AND M/A/PED,DTEO STAREHE,NAIROBI,THIKA SUPERHIGHWAY,M/V HIT UNKNOWN M/A/PEDESTRIAN WHO WAS CROSING THE ROAD FROM L-R KILLING HIM INSTANTLY.,M,A,98.0,PEDESTRIAN,2017-05-20,6.0
5,0130,UNKNOWN M/V (HIT AND RUN),KERICHO,KERICHO,KERICHO- KISUMU,M/V KNOCHED DOWN UNKNOWN M/A PEDESTRIAN KILLING HIM ON THE SPOT.,M,A,98.0,PEDESTRIAN,2017-05-21,1.0
5,2140,KAS 548E TOYOTA SALOON,KISIUMU,KISUMU,KISUMU- NAIROBI,M/V DRIVER KNOCHED DOWN A M/A PEDESTRIAN KILLING HIM ON THE SPOT.,M,35,68.0,PEDESTRIAN,2017-05-21,21.0
5,1700,KBZ 080D SCANIA BUS,RUIRU,KIAMBU,THIKA SUPERHIGHWAY,BUS DRIVER KNOCKED DOWN M/A PEDESTRIAN SUSTAINED SERIOUS INJURIES AND DIED IN HOSPITAL,M,A,60.0,PEDESTRIAN,2017-05-21,17.0
5,0530,KBR 760Z/ ZD 9426 AXOR TRAILOR,MTWAPA,MOMBASA,MOMBASA- KILIFI,TRAILOR KNOCKED DOWN M/A PEDESTRIAN KILLING HIM ON THE SPOT.,M,A,8.0,PEDESTRIAN,2017-05-21,5.0
5,1745,KBX 623C TOYOTA FIELDER,KARATINA,NYERI,KARARTINA- KIMABARA,VEHICLE KNOCKED DOWN A VICTIM,M,3,26.0,PEDESTRIAN,2017-05-23,17.0
5,1600,KCK 779V TOYOTA PROBOX,MATUNDA,VIHIGA,ELDORET - KITALE,VEHICLE KNOCKED DOWN A VICTIM,F,A,26.0,PEDESTRIAN,2017-05-23,16.0
5,1140,UNKNOWN M/V (HIT AND RUN),MOGOTIO,BARINGO,MARIGAT- MOGOTIO,VEHICLE KNOCKED DOWN A VICTIM,M,A,30.0,PEDESTRIAN,2017-05-23,11.0
5,2000,UNKNOWN M/V AND M/A/PED,DTEO EMBAKASI,NAIROBI,NORTH AIRPORT,UNKNOWN M/V HIT ONE PERSON CROSSING THE ROAD KILLING HIM ON THE SPOT.,M,30,98.0,PEDESTRIAN,2017-05-13,20.0
5,2230,UNKNOWN,KIKUYU,KIAMBU,LOWER KABETE,HIT & RUN,M,33,11.0,PEDESTRIAN,2017-05-12,22.0
3,1620,KCK 363D PROBOX & M/A/PED,KIRITIRI,EMBU,EMBU- KIVAA,VEHICLE KNOCKED DOWN A VICTIM,M,70,7.0,PEDESTRIAN,2017-03-25,16.0
4,2110,KBC 479G TOYOTA TOWNACE,MARAGUA,MURANGA,KENOL-MURANGA,VEHICLE KNOCKED DOWN A VICTIM,M,53,68.0,PEDESTRIAN,2017-04-25,21.0
3,1820,KCL 304B TOYOTA AXIO,MACHAKOS,MACHAKOS,NAIROBI MOMBASA,VEHICLE KNOCKED DOWN A VICTIM,F,A,60.0,PEDESTRIAN,2017-03-26,18.0
3,1930,KAU 585L RANGE ROVER,KIKUYU,KIAMBU,NAIVASHA NAIROBI,VEHICLE KNOCKED DOWN A VICTIM,F,30,68.0,PEDESTRIAN,2017-03-27,19.0
3,1100,KBX 192X/ZB SHACKMAN,NAKURU,NAKURU,NAKURU- ELDORET,VEHICLE KNOCKED DOWN A VICTIM,M,38,68.0,PEDESTRIAN,2017-03-27,11.0
3,1800,KAU 932Y MITSUBISHI P/UP,ISIOLO,ISIOLO,ISIOLO MARSABIT,VEHICLE KNOCKED DOWN A VICTIM,M,60,29.0,PEDESTRIAN,2017-03-29,18.0
3,1600,KAN 356X TOYOTA HILUX P/UP,BARINGO,BARINGO,TALAI KAPTUM MURRAM ROAD,THE M/V HIT A M/A PEDESTRIAN TRIED TO STEAL A RIDE WHERE HE FELL DOWN AND DIED.,M,20,72.0,PEDESTRIAN,2017-03-30,16.0
3,0835,KBN 907F ISUZU BUS,CENTRAL,NAIROBI,UHURU HIGHWAY,VEHICLE KNOCKED DOWN A VICTIM,F,A,98.0,PEDESTRIAN,2017-03-30,8.0
3,1930,KCG 261Y TOYOTA SALOON,MALINDI,KILIFI,MALINDI-LAMU,VEHICLE KNOCKED DOWN A VICTIM,M,A,61.0,PEDESTRIAN,2017-03-31,19.0
3,1900,KBX 325A HOWO TIPPER,KABRAS,KAKAMEGA,KAKAMEGA-WEBUYE,VEHICLE KNOCKED DOWN A VICTIM,M,A,16.0,PEDESTRIAN,2017-03-31,19.0
3,1500,UNKNOWN,NYERI,NYERI,NYERI-GATHUTHI,HIT & RUN,M,45,98.0,PEDESTRIAN,2017-03-31,15.0
4,1645,KCH 642R TOYOTA MATATU(LIKANA ROUTE 114/115),TIGONI,KIAMBU,LIMURU-KUTUS,VEHICLE KNOCKED DOWN A VICTIM,M,A,63.0,PEDESTRIAN,2017-04-25,16.0
5,1700,KCA 535S T/PROBOX,DAGORETI,NAIROBI,WAIYIAKI WAY,VEHICLE KNOCKED DOWN A VICTIM,M,27,98.0,PEDESTRIAN,2017-05-12,17.0
4,1845,KAL 140V ISUZU NKR LORRY,KERUGOYA,KIRINYAGA,KIRINYAGA-KUTUS,VEHICLE KNOCKED DOWN A VICTIM,M,A,79.0,PEDESTRIAN,2017-04-25,18.0
4,1438,KAL 137D NISSAN MATATU,DAGORETI,NAIROBI,MACHARIA ROAD,VEHICLE KNOCKED DOWN A VICTIM,M,A,98.0,PEDESTRIAN,2017-04-25,14.0
4,1930,KCH 065J TOYOTA MATATU (CLASSIC LUXURY SHUTTLE ),KAKAMEGA,KAKAMEGA,KAKAMEGA-KISUMU,VEHICLE KNOCKED DOWN A VICTIM,M,A,60.0,PEDESTRIAN,2017-04-25,19.0
4,2030,KBT 292H TOYOTA COROLLA,KAYOLE,NAIROBI,KANGUNDO ROAD,VEHICLE KNOCKED DOWN A VICTIM,M,A,10.0,PEDESTRIAN,2017-04-25,20.0
5,1856,KBV 887T T/HILUX P/UP,CHANGAMWE,MOMBASA,NAIROBI-MOMBASA,THE VEHICLE LOST CONTROL AND KNOCKED DOWN THE VICTIM,F,48,26.0,PEDESTRIAN,2017-05-03,18.0
5,1800,KCC 278J NISSAN MATATU,MALINDI,KILIFI,MALINDI-LAMU,VEHICLE KNOCKED DOWN A VICTIM,M,80,61.0,PEDESTRIAN,2017-05-03,18.0
5,0715,KBR 594M T/FIELDER,CHUKA,MERU,MERU-CHUKA,VEHICLE KNOCKED DOWN A VICTIM,M,50,26.0,PEDESTRIAN,2017-05-04,7.0
5,1955,KBQ 851V T/MATATU,MATUU,MACHAKOS,MATUU-THIKA,VEHICLE KNOCKED DOWN A VICTIM,M,48,61.0,PEDESTRIAN,2017-05-12,19.0
5,2345,KZP 618 ISUZU LORRY,GATUNDU,KIAMBU,ITURAMIRO-KIBIRU MURRAM ROAD,VEHICLE KNOCKED DOWN A VICTIM,M,A,26.0,PEDESTRIAN,2017-05-12,23.0
8,1830,KBA 255A I/M/BUS,DTEO STAREHE,NAIROBI,FIRST AVENUE,VEHICLE KNOCKED DOWN A VICTIM,M,30,98.0,PEDESTRIAN,2017-08-07,18.0
2,0139,KBR 741X HONDA CRV & M/A/PED,DTEO DAGORETI,NAIROBI,WAIYAKI WAY,VEHICLE KNOCKED DOWN A VICTIM,M,A,98.0,PEDESTRIAN,2017-02-22,1.0
8,0900,UNKNOWN,MATUU,MACHAKOS,KIVAA-EMBU,HIT & RUN,M,42,98.0,PEDESTRIAN,2017-08-09,9.0
10,2130,UNKNOWN M/V,KONDELE,KISUMU,KISUMU KAKAMEGA,HIT & RUN,M,A,98.0,PEDESTRIAN,2017-10-16,21.0
9,2140,UNKNOWN M/V,CENTRAL,NAIROBI,HAILE SELASIE AVENUE,HIT & RUN,M,28,98.0,PEDESTRIAN,2017-09-21,21.0
8,1100,UNKNOWN M/V,MAKUENI,MAKUENI,MUMBINI WOTE,HIT & RUN,M,A,98.0,PEDESTRIAN,2017-08-19,11.0
9,1700,KAS 542Y BMW SALOON,MACHAKOS,MACHAKOS,KANGUNDO MACHAKOS,VEHICLE KNOCKED DOWN A VICTIM,M,A,63.0,PEDESTRIAN,2017-09-21,17.0
8,1720,KBS 338L ISUZU MINI BUS,KAYOLE,NAIROBI,KANGUNDO ROAD,VEHICLE KNOCKED DOWN A VICTIM,M,35,72.0,PEDESTRIAN,2017-08-19,17.0
9,2030,KBT 239L ISUZU FVR,EMBAKASI,NAIROBI,OUTERING ROAD,VEHICLE KNOCKED DOWN A VICTIM,M,A,60.0,PEDESTRIAN,2017-09-21,20.0
9,1530,KCJ 229X TOYOTA MATATU,NYERI,NYERI,NYERI NANYUKI,VEHICLE KNOCKED DOWN A VICTIM,M,11,98.0,PEDESTRIAN,2017-09-21,15.0
10,2245,KCF 675B NISSAN TIIDA,THIKA,KIAMBU,THIKA SUPERHIGHWAY,VEHICLE KNOCKED DOWN A VICTIM,F,A,63.0,PEDESTRIAN,2017-10-10,22.0
10,1000,KCF 223W TOYOTA FIELDER,SAGANA,KIRINYAGA,SAGANA KAGIO,VEHICLE KNOCKED DOWN A VICTIM,M,A,11.0,PEDESTRIAN,2017-10-10,10.0
10,2200,KCG 688D TOYOTA MATATU,NAIVASHA,NAKURU,NAIROBI NAKURU,VEHICLE KNOCKED DOWN A VICTIM,M,A,60.0,PEDESTRIAN,2017-10-10,22.0
10,2040,UNKNOWN M/V,WEBUYE,BUNGOMA,WEBUYE BUNGOMA,HIT & RUN,M,A,98.0,PEDESTRIAN,2017-10-12,20.0
10,1800,KBB 242T SUZUKI MARRUTI,MURANGA,MURANGA,KANGEMA MURANGA,THE VEHICLE LOST CONTROL VEERED OFF THE ROAD AND KNOCKED DOWN THE VICTIM,M,25,7.0,PEDESTRIAN,2017-10-12,18.0
10,0730,KCD 497C TOYOTA FIELDER,NAKURU,NAKURU,WITHIN JAMUHURI PRIMARY SCHOOL,VEHICLE KNOCKED DOWN A VICTIM,F,7,26.0,PEDESTRIAN,2017-10-12,7.0
8,1200,KAN 817A MATATU,RUNYENJES,EMBU,UGWERI RUNYEJES ROAD,VEHICLE KNOCKED DOWN A VICTIM,M,8,98.0,PEDESTRIAN,2017-08-18,12.0
10,1330,KBU 207P FOTON LORRY,BURUBURU,NAIROBI,BARAKA ROAD,VEHICLE KNOCKED DOWN A VICTIM,M,58,98.0,PEDESTRIAN,2017-10-23,13.0
10,0900,KCE 112A I/M/BUS,ATHI RIVER,MACHAKOS,NAIROBI MOMBASA ROAD,VEHICLE KNOCKED DOWN A VICTIM,F,A,61.0,PEDESTRIAN,2017-10-16,9.0
10,0800,UNKNOWN M/V,OLJOROROK,NYANDARUA,OLJOROROK OLKALAU,HIT & RUN,M,40,98.0,PEDESTRIAN,2017-10-16,8.0
10,1400,KBD 341W TANKER,BONDO,SIAYA,BONDO USENGE,VEHICLE KNOCKED DOWN A VICTIM,M,10,59.0,PEDESTRIAN,2017-10-18,14.0
10,1210,KCK 472 MITSUBISHI LORRY,DTEO MAKONGENI,NAIROBI,RABAI ROAD,VEHICLE KNOCKED DOWN A VICTIM,M,A,63.0,PEDESTRIAN,2017-10-18,12.0
8,2100,KCJ 344N TOYOTA SALOON,LANGATA,NAIROBI,SOUTHERN BY PASS,VEHICLE KNOCKED DOWN A VICTIM,M,14,98.0,PEDESTRIAN,2017-08-16,21.0
10,1000,UNKNOWN M/V,BAMBURI,MOMBASA,OLD MOMBASA MALINDI,HIT & RUN,M,37,13.0,PEDESTRIAN,2017-10-22,10.0
10,2230,UNKNOWN M/V,STAREHE,NAIROBI,WANGARI MATHAAI,HIT & RUN,M,34,,PEDESTRIAN,2017-10-22,22.0
10,2140,KCK 755L T/RACTIS,EMBAKASI,NAIROBI,MOMBASA ROAD,VEHICLE KNOCKED DOWN A VICTIM,F,26,,PEDESTRIAN,2017-10-22,21.0
10,1640,KBV 520V FH MINI BUS,ATHI RIVER,MACHAKOS,NAIROBI MOMBASA ROAD,VEHICLE KNOCKED DOWN A VICTIM,M,A,60.0,PEDESTRIAN,2017-10-22,16.0
10,1600,KAY 263N ISUZU NPR,KIKUYU,KIAMBU,NAIROBI NAIVASHA,VEHICLE KNOCKED DOWN A VICTIM,M,32,68.0,PEDESTRIAN,2017-10-22,16.0
10,1400,KCG 172N ISUZU LORRY,SAGANA,KIRINYAGA,SAGANA MURANGA,VEHICLE KNOCKED DOWN A VICTIM,M,42,,PEDESTRIAN,2017-10-22,14.0
10,1830,T407 CRANE,MAKONGENI,NAIROBI,MOYALE,VEHICLE KNOCKED DOWN A VICTIM,M,35,,PEDESTRIAN,2017-10-22,18.0
9,2210,KCH 039E TOYOTA MATATU,DAGORETTI,NAIROBI,WAIYAKI WAY,VEHICLE KNOCKED DOWN A VICTIM,M,A,60.0,PEDESTRIAN,2017-09-21,22.0
9,1820,KAV 201Q ISUZU M/BUS,STAREHE,NAIROBI,JUJA ROAD,VEHICLE KNOCKED DOWN A VICTIM,M,A,7.0,PEDESTRIAN,2017-09-19,18.0
8,0930,UNKNOWN M/V,MTITO ANDEI,MAKUENI,MOMBASA NAIROBI,HIT & RUN,M,A,63.0,PEDESTRIAN,2017-08-19,9.0
8,0800,KBK 835M TOYOTA COROLLA,KISERIAN,KAJIADO,NGONG KISERIAN,VEHICLE KNOCKED DOWN A VICTIM,M,A,7.0,PEDESTRIAN,2017-08-19,8.0
8,1820,KAV 546S MATATU (OUTREACH SACCO),DTEO MAKONGENI,NAIROBI,MUTHURWA ACCESS ROAD,VEHICLE KNOCKED DOWN A VICTIM,M,28,98.0,PEDESTRIAN,2017-08-30,18.0
8,1320,KBL 976B MATATU (2NK SACCO),LARI,KIAMBU,NAIROBI-NAIVASHA,VEHICLE KNOCKED DOWN A VICTIM,M,69,60.0,PEDESTRIAN,2017-08-30,13.0
8,1600,KCH 076B ISUZU P/UP,NYAMIRA,NYAMIRA,NYAMIRA IKONGE,VEHICLE KNOCKED DOWN A VICTIM,M,40,98.0,PEDESTRIAN,2017-08-27,16.0
8,1600,KBV 039H P/UP,KAKAMEGA,KAKAMEGA,KAKAMEGA WEBUYE,VEHICLE KNOCKED DOWN A VICTIM,M,A,63.0,PEDESTRIAN,2017-08-27,16.0
9,2315,UNKNOWN,KAYOLE,NAIROBI,JOGOO,HIT & RUN,M,A,98.0,PEDESTRIAN,2017-09-03,23.0
8,1845,KCG 758N TOYOTA MATATU,OYUGIS,HOMA BAY,OYUGIS KISUMU,VEHICLE KNOCKED DOWN A VICTIM,M,J,9.0,PEDESTRIAN,2017-08-27,18.0
8,1930,UNKNOWN,KIAMBU,KIAMBU,NAIROBI NAIVASHA,HIT & RUN,F,50,98.0,PEDESTRIAN,2017-08-27,19.0
9,2010,KBJ 263X TOYOTA ALLION,KIMILILI,BUNGOMA,KIMILILI-MIIKHU,VEHICLE KNOCKED DOWN A VICTIM,M,A,11.0,PEDESTRIAN,2017-09-07,20.0
9,2000,KCF 835E NISSAN BLUEBIRD,KIAMBU,KIAMBU,NORTHERN BY PASS,VEHICLE KNOCKED DOWN A VICTIM,M,A,36.0,PEDESTRIAN,2017-09-07,20.0
9,0640,KAR 918Y ISUZU LORRY,KARURI,KIAMBU,LIMURU RUAKA,THE VEHICLE LOST CONTROL AND KNOCKED DOWN THE VICTIM,F,10,26.0,PEDESTRIAN,2017-09-07,6.0
9,1345,KBA 842M T/MATYATU(ISKA INVESTMENTS COMPANY LTD),KIAMBU,KIAMBU,KIAMBU-THIKA,VEHICLE KNOCKED DOWN A VICTIM,M,A,68.0,PEDESTRIAN,2017-09-07,13.0
9,1100,UNKNOWN,MERU,TIGANIA,GATHITHINI LUNATIC,HIT & RUN,M,70,67.0,PEDESTRIAN,2017-09-07,11.0
8,1900,KBA 036V TOYOTA SALOON,SOTIK,BOMET,KAPLETUNDO CHEBOLE,THE VEHICLE LOST CONTROL AND KNOCKED DOWN THE VICTIM,M,71,26.0,PEDESTRIAN,2017-08-27,19.0
9,1545,KBQ 094K MIT LORRY,DIANI,KWALE,MBUGUNI CHECK POINT,VEHICLE KNOCKED DOWN A VICTIM,M,A,7.0,PEDESTRIAN,2017-09-11,15.0
9,1945,KAC 260H ISUZU MINIBUS,RUIRU,KIAMBU,EASTERN BY PASS,VEHICLE KNOCKED DOWN A VICTIM,M,J,63.0,PEDESTRIAN,2017-09-11,19.0
9,2230,KBW 726Y NISSAN,MAKONGENI,NAIROBI,JOGOO ROAD,VEHICLE KNOCKED DOWN A VICTIM,M,44,7.0,PEDESTRIAN,2017-09-11,22.0
8,0930,KAE 722E NISSAN SUNNY,KAKAMEGA,KAKAMEGA,SIGALAGALA-BUKURA,VEHICLE KNOCKED DOWN A VICTIM,F,4,29.0,PEDESTRIAN,2017-08-21,9.0
9,2030,KBS 349U PREMIO,MAUA,MERU,MERU MAUA,VEHICLE KNOCKED DOWN A VICTIM,M,A,29.0,PEDESTRIAN,2017-09-17,20.0
9,2200,KCA 958P I/LORRY,ATHI RIVER,MACHAKOS,NAIROBI MOMBASA,VEHICLE KNOCKED DOWN A VICTIM,F,32,60.0,PEDESTRIAN,2017-09-17,22.0
9,2345,KAT 436M T/COROLLA,THIKA,KIAMBU,THIKA MATUU,VEHICLE KNOCKED DOWN A VICTIM,M,A,63.0,PEDESTRIAN,2017-09-17,23.0
9,2130,UNKNOWN M/V & SKATER,ISINYA,KAJIADO,ISINYA KITENGELA,HIT & RUN,M,21,63.0,PEDESTRIAN,2017-09-17,21.0
9,1645,TRACTOR KTCA 395D FORD NEW HOLLAND,WEBUYE,BUNGOMA,MATISI NZOIA,VEHICLE KNOCKED DOWN A VICTIM,M,12,98.0,PEDESTRIAN,2017-09-17,16.0
9,0430,UNKNOWN,ONGATA RONGAI,KAJIADO,MAGADI ROAD,HIT & RUN,F,32,98.0,PEDESTRIAN,2017-09-18,4.0
8,1440,KCB 381C T/HILUX P/UP,NYERI,NYERI,KARATINA-NYERI,VEHICLE KNOCKED DOWN A VICTIM,M,A,26.0,PEDESTRIAN,2017-08-20,14.0
8,1645,KBS 910K MITSUBISHI FH MATATU,MAKONGENI,NAIROBI,MUTHURWA,VEHICLE KNOCKED DOWN A VICTIM,M,A,63.0,PEDESTRIAN,2017-08-20,16.0
8,1800,06CG03 FORD RANGER P/UP,VOI,TAITA TAVETA,SOFIA ST BARANABUS CHURCH,VEHICLE KNOCKED DOWN A VICTIM,M,8,62.0,PEDESTRIAN,2017-08-14,18.0
10,1350,KCF 540E M/LORRY,DTO INDO AREA,NAIROBI,LUSAKA ROAD,VEHICLE KNOCKED DOWN A VICTIM,M,A,98.0,PEDESTRIAN,2017-10-16,13.0
11,1730,KCK 659P T/PROBOX,MATUU,MACHAKOS,KANYONYO-EMBU,VEHICLE KNOCKED DOWN A VICTIM,M,A,7.0,PEDESTRIAN,2017-11-02,17.0
8,2100,KCF 629Q SUBARU FORESTER,ATHI RIVER,MACHAKOS,NAIROBI MOMBASA,VEHICLE KNOCKED DOWN A VICTIM,M,30,60.0,PEDESTRIAN,2017-08-12,21.0
10,1630,UNKNOWN,TIGANIA,MERU,MERU - MAUA,HIT & RUN,F,A,98.0,PEDESTRIAN,2017-10-31,16.0
8,1430,KCL 205P ISUZU LORRY,MERU,MERU,MERU NKUBU,VEHICLE KNOCKED DOWN A VICTIM,M,A,8.0,PEDESTRIAN,2017-08-12,14.0
10,1940,KCD 006J TOYOTA MATATU & KMDT 742B BAJAJ,CHUKA,THARAKA NITHI,EMBU-CHUKA,VEHICLE KNOCKED DOWN A VICTIM,F,22,10.0,PEDESTRIAN,2017-10-31,19.0
8,1430,KBL 253E ISUZU CANTER,KAYOLE,NAIROBI,JOGOO ROAD,VEHICLE KNOCKED DOWN A VICTIM,F,J,7.0,PEDESTRIAN,2017-08-12,14.0
11,2000,KCF 659L TOYOTA MATATU HACE(NAROK LINE SERVICES LTD),NTULELE,NAROK,NAROK-MAIMAHIU,VEHICLE KNOCKED DOWN A VICTIM,M,A,29.0,PEDESTRIAN,2017-11-02,20.0
8,1200,KMEA 640C TIGER,LAIKIPIA,LAIKIPIA,NANYUKI BARAKA,THE CYCLE KNOCKED DOWN THE VICTIM,F,A,63.0,PEDESTRIAN,2017-08-12,12.0
8,0430,KCA 105M ISUZU CANTER,JUJA,KIAMBU,NAIROBI THIKA,VEHICLE KNOCKED DOWN A VICTIM,M,A,60.0,PEDESTRIAN,2017-08-11,4.0
8,1900,UNKNOWN,DAGORETTI,NAIROBI,WAIYAKI WAY,HIT & RUN,M,A,,PEDESTRIAN,2017-08-11,19.0
8,2230,GKB 743E AND KCB 867E/KAX 965Z T/SALOON,KIKUYU,KIAMBU,THOGOTO GIKAMBURA,VEHICLE KNOCKED DOWN A VICTIM,M,A,7.0,PEDESTRIAN,2017-08-11,22.0
11,1030,KTCB 224/ZD NEW HOLLAND,CHANGAMWE,MOMBASA,MOMBASA-NAIROBI,THE TRACTOR KNOCKED DOWN THE VICTIM,F,40,26.0,PEDESTRIAN,2017-11-02,10.0
8,2330,UNKNOWN,RUIRU,KIAMBU,NAIROBI THIKA SERVICE LANE,HIT & RUN,M,30,60.0,PEDESTRIAN,2017-08-11,23.0
11,0130,KBW 239Z T/PROBOX,ONGATA RONGAI,KAJIADO,MAGADI ROAD,VEHICLE KNOCKED DOWN A VICTIM,M,40,63.0,PEDESTRIAN,2017-11-05,1.0
8,2300,KMCL 800W,MAGUMU,NYANDARUA,FLYOVER NJAMBINI ROAD,THE CYCLE KNOCKED DOWN THE VICTIM AND LANDED INTO A DITCH,M,A,68.0,PEDESTRIAN,2017-08-11,23.0
11,2136,KBY 122Z L/ROVER,ATHI RIVER,MACHAKOS,MOMBASA-NAIROBI,VEHICLE KNOCKED DOWN A VICTIM,M,A,98.0,PEDESTRIAN,2017-11-05,21.0
8,1000,UNKNOWN,MOLO,NAKURU,MOLO TOWNSHIP,HIT & RUN,M,A,98.0,PEDESTRIAN,2017-08-11,10.0
11,1730,KBH 640L/ZD 0954 M/BENZ TRAILER,TURBO,KAKAMEGA,ELDORET-WEBUYE,THE VEHICLE LOST CONTROL AND OVERTURNED,M,25,26.0,PEDESTRIAN,2017-11-05,17.0
8,2000,KCC 844W TANKER,MAI MAHIU,NAKURU,MAI MAHIU,THE VICTIM FELL FROM THE TANKER,M,A,67.0,PEDESTRIAN,2017-08-11,20.0
8,0230,UNKNOWN,GATUNDU,KIAMBU,GATUNDU KENYATTA,VEHICLE KNOCKED DOWN A VICTIM,M,A,,PEDESTRIAN,2017-08-11,2.0
8,1730,KCL 801U TOYOTA PROBOX,BUSIA,BUSIA,BUTULA-MUMIAS,VEHICLE KNOCKED DOWN A VICTIM,F,5,98.0,PEDESTRIAN,2017-08-10,17.0
11,2300,UNKNOWN,KERICHO,KERICHO,NAKURU-KERICHO,HIT & RUN,M,40,98.0,PEDESTRIAN,2017-11-06,23.0
11,1600,KBW 374M TOYOTA TOWNACE,KIMILILI,BUNGOMA,BOKOLI-KIMILILI,VEHICLE KNOCKED DOWN A VICTIM,M,31,7.0,PEDESTRIAN,2017-11-06,16.0
10,1530,KAP 188M NISSAN MATATU,NYALI,MOMBASA,MOMBASA-MALINDI,VEHICLE KNOCKED DOWN A VICTIM,M,A,8.0,PEDESTRIAN,2017-10-31,15.0
8,0940,KBV 887E NISSAN AD,EMBU,EMBU,EMBU MANYATTA,VEHICLE KNOCKED DOWN A VICTIM,M,60,26.0,PEDESTRIAN,2017-08-27,9.0
8,1630,KBF 474S MATATU,RUNYENJES,EMBU,EMBU-MERU,VEHICLE KNOCKED DOWN A VICTIM,M,60,60.0,PEDESTRIAN,2017-08-13,16.0
8,0440,KCK 383K TOYOTA BELTA,KILIMANI,NAIROBI,NGONG ROAD,VEHICLE KNOCKED DOWN A VICTIM,F,40,7.0,PEDESTRIAN,2017-08-12,4.0
10,1000,KBC 234C/ZA 7408 ACTROS TRAILER,TARAKWA,NAKURU,ELDORET-NAKURU,VEHICLE KNOCKED DOWN A VICTIM,M,25,68.0,PEDESTRIAN,2017-10-27,10.0
8,2030,KBN 146D MATATU,NGOLIBA,KIAMBU,THIKA-MATUU,VEHICLE KNOCKED DOWN A VICTIM,M,60,60.0,PEDESTRIAN,2017-08-13,20.0
10,1920,KAP 049P TOYOTA MATATU,KAREN,NAIROBI,DAGORETI ROAD,VEHICLE KNOCKED DOWN A VICTIM,M,A,29.0,PEDESTRIAN,2017-10-27,19.0
8,1745,KBV 514L/ZE 5732 VOLKSWAGEN TRAILER,MAKINDU,MAKUENI,NAIROBI-MOMBASA,VEHICLE KNOCKED DOWN A VICTIM,M,28,64.0,PEDESTRIAN,2017-08-13,17.0
10,1630,KBD 187U TOYOTA VITS,THIKA,KIAMBU,THIKA-MATUU,VEHICLE KNOCKED DOWN A VICTIM,M,42,60.0,PEDESTRIAN,2017-10-27,16.0
10,2130,KBQ 900Y TOYOTA PRADO,INDO AREA,NAIROBI,MOMBASA ROAD,VEHICLE KNOCKED DOWN A VICTIM,M,A,98.0,PEDESTRIAN,2017-10-29,21.0
7,2000,UNKNWON,KIKUYU,KIAMBU,SOUTHERN BY -PASS,HIT & RUN,M,33,98.0,PEDESTRAIN,2017-07-02,20.0
6,2100,KBZ 710R T/AVENSIS,NAROMORU,NYERI,NYERI-NANYUKI,VEHICLE KNOCKED DOWN A VICTIM,M,A,50.0,PEDAL CYCLIST,2017-06-16,21.0
9,1800,KBT 583K TOYOTA HIACE,RUAI,NAIROBI,KANGUNDO ROAD,THE VEHICLE HIT A PEDAL CYCLE,M,A,7.0,PEDAL CYCLIST,2017-09-19,18.0
5,2030,PEDAL CYCLE,NAKURU,NAKURU,KAPTEMBWA-KAPKURES,THE PEDAL CYCLE BREAKS FAILED AND FALL INTO THE RIVER,M,40,54.0,PEDAL CYCLIST,2017-05-04,20.0
5,2115,M/V KCG 893W T/MATATU AND P/CYCLIST,TIGANIA,MERU,MERU- MAUA,MATATU DRIVER HIT A P/CYCLIST KILLING HIM ON THE SPOT,M,50,29.0,PEDAL CYCLIST,2017-05-20,21.0
8,1630,KBU 987R NISSAN AD,BUSIA,BUSIA,BUSIA-MUMIAS,THE VEHICLE HIT A PEDAL CYCLIST,M,J,7.0,PEDAL CYCLIST,2017-08-08,16.0
3,1830,KBJ 538Q ISUZU BUS & F/J/PASSENGER,ELDORET,UASIN GISHU,WITHIN UASIN GISHU,THE VEHICLE DRAGGED THE VICTIM,F,16,70.0,PASSENGERS,2017-03-23,18.0
11,1100,KBE 627E T/L/CRUISER,KAPENGURIA,WEST POKOT,KITALE-LODWAR,THE BRAKES FAILED AND THE VEHICLE LOST CONTROL,M,A,78.0,PASSENGERS,2017-11-05,11.0
5,1730,KMV 009 SALOON & KCD 358G I/BUS,WIYUMIRIRIE,LAIKIPIA,NYERI NYAHURURU,THE VEHICLE LOST CONTROL AND COLLIDED HEAD ON WITH THE BUS,M,A,26.0,PASSENGERS,2017-05-29,17.0
3,1550,KTCB 596Q FORD TRACTOR,BUSIA,BUSIA,NAMBALE- MALANGA,THE TRACTOR HIT A POTHOLE THROWING ONE PASSENGER ON THE ROAD WHERE HE DIED ON THE SPOT.,M,A,30.0,PASSENGERS,2017-03-27,15.0
3,0615,KBZ 238Z ISUZU D/MAX & KCB 157J/ZE 9350,TIMBOROA,BARINGO,NAKURU-ELDORET,THE VEHICLE COLLIDED HEAD ON WITH A TRAILER WHILE OVERTAKING,M,25&19,10.0,PASSENGERS,2017-03-21,6.0
2,0730,KCJ 926Z TOYOTA HIACE,MURANGA,MURANGA,GAKONYA MUKURU WEINI,THE VEHICLE LOST CONTROL AND VEERED OFF THE ROAD,M,A,26.0,PASSENGERS,2017-02-28,7.0
3,1330,KBK 692W NZE,MUMIAS,KAKAMEGA,BUSIA-MAYONI,THE VEHICLES LOST CONTROL AND OVERTURNED,F,A,26.0,PASSENGERS,2017-03-23,13.0
11,2030,KBS 930D ISUZU LORRY & KCB 426R ASHOK LEYLAND LORRY,LONDIANI,KERICHO,LONDIANI-KERICHO,ISUZU LORRY RAMMED INTO THE LEYLAND LORRY,M,30 & 33,7.0,PASSENGERS,2017-11-06,20.0
7,0530,KBT 126T SCANIA BUS & KBK 893E ACTROS,TIMBOROA,BARINGO,NAKURU - ELDORET,THE BUS RAMMED INTO THE RARE PART OF THE TRAILER,M&F,A&J,98.0,PASSENGERS,2017-07-27,5.0
3,0630,KCB 882U I/M/BUS & KBT 046U/XF 0915 MAN,UGUNJA,SIAYA,KISUMU-BUSIA,THE BUS LOST CONTROL AND COLLIDED HEAD ON WITH THE TRAILER,M,A,20.0,PASSENGERS,2017-03-19,6.0
3,0330,KBT 896X ISUZU BUS & T/WISH KBX 472R,LONDIANI,KERICHO,MUHORONI-LONDIANI,THE BUS COLLIDED HEAD ON WITH THE VEHICLE,M&F,A,78.0,PASSENGERS,2017-03-19,3.0
8,1400,KAW 084P NISSAN MATATU & KAQ 268U/ZC 0678 AXOR,VOI,TAITA TAVETA,MOMBASA-NAIROBI,THE VEHICLE COLLIDED HEAD ON WITH THE TRAILER,M&f,A&J,10.0,PASSENGERS,2017-08-01,14.0
7,1200,KCG 803T N/MATATU & KCE 885Z TATA LORRY,NTULELE,NAROK,NAROK-MAHIMAHIU,THE LORRY LOST CONTROL AND HIT THE MATATU,F,A,26.0,PASSENGERS,2017-07-28,12.0
3,0630,KBS 220H TOYOTA WISH,SIAYA,SIAYA,SIAYA-NYANDORERA,THE VEHICLE GOT A TYRE BURST AND LOST CONTROL AND ROLLED SEVERAL TIMES,M&F,45&52,79.0,PASSENGERS,2017-03-31,6.0
3,1830,KCG 105N T/L/CRUISER & KMDW 498B TVS STAR,KIMILILI,TRANS NZOIA,KIMILILI-CHWELE ROAD,VEHICLE KNOCKED DOWN A VICTIM,M,36,52.0,PASSENGERS,2017-03-19,18.0
3,0500,KCC 096H SCANIA BUS,MACHAKOS,MACHAKOS,NAIROBI-MOMBASA,THE M/V LOST CONTROL VEERING OFF THE ROAD AND PLUGGED INTO A BRIDGE KILLING ONE F/A PASSENGER ON THE SPOT,F,20,60.0,PASSENGERS,2017-03-27,5.0
5,0230,KCG 992C HINO BUS & KBN 834N/ZE 6522 BEI BEN TRAILER,GILGIL,NAKURU,GILGIL - NAKURU,"THE BUS WAS OVERTAKING IMPROPERLY AND LOST CONTROL, HIT THE TRAILER",M & F,A,10.0,PASSENGERS,2017-05-12,2.0
3,1800,KCA 564T ISUZU MINIBUS,MATUU,MACHAKOS,MATUU-THIKA ROAD,THE BUS LOST CONTROL AND VEERED OFF THE ROAD,M,36,26.0,PASSENGERS,2017-03-19,18.0
3,0300,KBH 165V NISSAN UD BUS & KMCR 765X SKYGO,MTITO-ANDEI,TAITA-TAVETA,NAIROBI-MOMBASA,THE VEHICLE LOST CONTROL AND KNOCKED DOWN THE M/CYCLE,M&F,"40,38,45",8.0,"PASSENGER ,RIDER, P/PASSENGER",2017-03-09,3.0
6,1200,"KCK 809V TOYOTA ALLION,KBX 799Z SALOON CAR,KBR 768Z SEMI TRAILER",MARIAKANI,KILIFI,MOMBASA NAIROBI,THE TOYOTA ALLION COLLIDED HEAD ON WITH THE SALOON CAR,M,A,10.0,PASSENGER,2017-06-23,12.0
3,1830,KCB 696M NISSAN UD BUS,KIKUYU,KIAMBU,NAIVASHA-NAIROBI,THE VEHICLE LOST CONTROL AND ROLLED SEVERAL TIMES,M,A,80.0,PASSENGER,2017-03-07,18.0
9,1530,"KWN 383 ISUZU LORRY,KCJ 424L ISUZU BUS & KCJ 431M TOYOTA MATATU",KASARANI,NAIROBI,THIKA SUPER HIGHWAY,THE LORRY GOT A TYRE BURST AND LOST CONTROL HITTING THE BUS WHICH VEERED OFF THE ROAD AND HIT THE MATATU,M & F,A,79.0,PASSENGER,2017-09-06,15.0
6,2015,"KAN 512T T/STARLET,KBW 340F T/BELTA",SAGANA,KIRINYAGA,SAGANA KENOL ROAD,THE BELTA SWEREVED TO THE RIGHT AND WAS HIT BY THE STARLET,M,A,98.0,PASSENGER,2017-06-22,20.0
9,0720,KBW 310E FH LORRY,NJORO,NAKURU,ELBURGON-NJORO,THE LORRY LOST CONTROL AND RAMMED INTO A CULVERT,M,A,26.0,PASSENGER,2017-09-19,7.0
6,2300,KCA 327A LORRY,ISIOLO,ISIOLO,ISIOLO ARCHERS POST,THE VEHICLE LOST CONTROL AND VEERED OFF THE ROAD AND ROLLED SEVERAL TIMES,M,A,26.0,PASSENGER,2017-06-25,23.0
3,1230,KCJ 590V SUBARU LEGACY &KCH 357S/ZE 2175 RENAULT TRAILER,SALAMA,MAKUENI,NAIROBI-MOMBASA,THE VEHICLE COLLIDED HEAD ON WITH THE TRAILER,M,4MTS,10.0,PASSENGER,2017-03-07,12.0
6,1830,KCA 083M TOYOTA PROBOX,KEROKA,KISII,KEROKA MASIMBA,THE VEHICLE LOST CONTROL AND ROLLED SEVERAL TIMES,F,28,29.0,PASSENGER,2017-06-18,18.0
11,1030,KBD 967Q MATATU & KAE 118Z T/COROLLA,KISII,KISII,KISII-MARANI,THE MATATU BRAKES FAILED AND RAMMED INTO THE COROLLA,M,60,78.0,PASSENGER,2017-11-05,10.0
3,0730,KCK 323A TOYOTA PROBOX,EMBU,EMBU,EMBU-KIRITIRI,THE VEHICLE LOST CONTROL VEERED OFF THE ROAD AND ROLLED SEVERAL TIMES,M,25,7.0,PASSENGER,2017-03-07,7.0
6,1600,KBL 244V TOYOTA PREMIO & KCD 735R TOYOTA SALOON,MERU,MERU,MERU NANYUKI,HEAD ON COLLISSION,M,A,8.0,PASSENGER,2017-06-18,16.0
11,0745,KCA 824S X-TRAIL,MARIAKANI,KILIFI,MOMBASA-KILIFI,THE VEHICLE LOST CONTROL AND LANDED INTO A DITCH,M,A,26.0,PASSENGER,2017-11-05,7.0
10,0700,KCE 527P TOYOTA VAN,MAKUYU,MURANGA,NANYUKI NAIROBI,THE VEHICLE GOT A TYRE BURST AND ROLLED SEVERAL TIMES,M,A,79.0,PASSENGER,2017-10-10,7.0
6,2330,"KAL 888L TOYOTA PRADO,KAM 940U TOYOTA STARLET & KBX 695N MITSUBISHI COLT",ELDORET,UASIN GISHU,ELDORET NAKURU,THE PRADO RAMMED INTO THE STARLET WHICH IN TURN HIT THE COLT,M,19,98.0,PASSENGER,2017-06-30,23.0
6,1900,KBR 699P M/BENZ TRAILER & KBY 118H ISUZU P/UP,MERU,MERU,MERU NANYUKI,HEAD ON COLLISSION,M,A,8.0,PASSENGER,2017-06-18,19.0
10,1630,KBW 907U TOYOTA MATATU,NYERI,NYERI,NYERI-KAMAKWA,THE BABAY FALL DOWN THE MOTHER JAMPED OUT OF THE VEHICLE,F,5 MONTHS,70.0,PASSENGER,2017-10-29,16.0
7,1100,KAX 113V/ZC 5317 M/BENZ AND KMDZ 746Q TVS,MALABA,BUNGOMA,BUNGOMA-MALABA,THE VEHICLE HIT THE M/CYCLE,M,A,10.0,PASSENGER,2017-07-03,11.0
3,2100,KAU 412J ISUZU LORRY,NAMANGA,KAJIADO,METO-MAILI TISA MURRAM ROAD,"THE VEHICLE LOST CONTROL , VEERED OFF THE ROAD AND HIT A POLE",M,19,80.0,PASSENGER,2017-03-31,21.0
7,2330,KBU 644L TOYOTA HILUX P/UP,OTHAYA,NYERI,OTHAYA NYERI,THE VEHICLE LOST CONTROL VEERED OFF THE ROAD AND LANDED INTO THE RIVER,M,A,26.0,PASSENGER,2017-07-08,23.0
2,1850,KCF 718Z ISUZU MINI BUS,ATHI RIVER,MACHAKOS,DEVKI MAKADARA,THE VICTIM WAS TRYING TO BOARD THE VEHICLE WHEN HE WAS RAN OVER BY THE VICTIM,M,A,72.0,PASSENGER,2017-02-28,18.0
9,0100,KBX 058J ISUZU LORRY,DAGORETI,NAIROBI,WAIYAKI,THE VEHICLE LOST CONTROL AND ROLLED,M,A,26.0,PASSENGER,2017-09-03,1.0
8,1440,KCF 803S TOYOTA PROBOX,MWINGI,KITUI,MWINGI GARISSA,THE VEHICLE RAMMED INTO A HERD OF CATTLE,M,A,29.0,PASSENGER,2017-08-31,14.0
3,2000,KCG 830U MATATU C\O KITOMA SACCO,LUANDA,SIAYA,SIAYA LUANDA,THE VEHICLE LOST CONTROL AND ROLLED,M,38,61.0,PASSENGER,2017-03-14,20.0
7,1740,KCD 104Q NISSAN MATATU,DIANI,KWALE,KOMBANI- KWALE,THE VICTIM SLIPPED AND FELL OFF A MOVING VEHICLE,F,33,72.0,PASSENGER,2017-07-06,17.0
3,0630,KCH 961L PROBOX,HOMA BAY,HOMA BAY,RODI NDHIWA,THE VEHICLE LOST CONTROL AND VEERED OFF THE ROAD AND ROLLED SEVERAL TIMES,M,A,,PASSENGER,2017-03-26,6.0
3,1830,"GKB 202M AMBULANCE(NAKURU PRISON),KCC 399K NEW HOLLAND",TARAKWA,UASIN GISHU,ELDORET NAKURU,HEAD ON COLLISSION,M,A,10.0,PASSENGER,2017-03-14,18.0
6,0400,M/V KCB 520Y T/WASH & KCK 320R/ZF 4328 AXOR,MTITO ANDEI,MAKUENI,NAIROBI MSA ROAD,"THE M/V TOYOTA WISH WAS DRIVEN BY ELIUD ONGERI WITH 6 OCCUPANTS FRO MSA ,UPON REACHING THE LOCATION OF THE ACCIDENTS LEFT HIS LANE AND HIT THE TRAILER WHICH RESULTED THE DEATH OF ONE JAMES WAITHAGA",M,37,10.0,PASSENGER,2017-06-17,4.0
3,1230,KBQ 251P ISUZU M/BUS,STAREHE,NAIROBI,THIKA,HIT & RUN,M,A,98.0,PASSENGER,2017-03-24,12.0
3,0730,KBQ 830Z CANTER,,,MWANGULU MWELENI ROAD,THE VIVTIM JUMPED OUT OF THE MOVING VEHICLE,M,12,72.0,PASSENGER,2017-03-10,7.0
3,0600,KTCA 694B NEW LAND,NAROK,NAROK,CHORA,THE TRACTOR HIT A BIG STONE AND THREW A PASSENGER WHO WAS RUSHED TO NAROK HOSPITAL AND DIED WHILE UNDER GOING TREATMENT.,M,A,70.0,PASSENGER,2017-03-24,6.0
5,1750,KAQ 420A TOYOTA SALOON KBW 424S/ZE 5012 MAN TRAILER,TURBO,KAKAMEGA,WEBUYE- ELDORET,M/V COLLIDED WITH A TRAILOR WHOSE DRIVER ESCAPED WHERE ONE F/A PASSENGER IN A SALOON DIED ON THE SPOT.,F,48,26.0,PASSENGER,2017-05-14,17.0
9,2130,KBL 530K ISUZU P/UP & KBK 396U TOYOTA MATATU,ELDORET,UASIN GISHU,ELDORET-KAPSABET,HEAD ON COLLISSION,M,70,8.0,PASSENGER,2017-09-18,21.0
5,1900,KBP 432K TOYOTA L/CRUISER,MARSABIT,MARSABIT,MARSABIT- KARGI,M/V LOST CONTROL VEERING OFF THE ROAD AND LANDED INTO A DITCH KILLING ONE M/A PASSENGER ON THE SPOT.,M,49,87.0,PASSENGER,2017-05-19,19.0
5,2130,KCC 105P ISUZU LORRY,MAUA,MERU,LARE- MAUA,LORRY DRIVER LOST CONTROL AND LANDED INTO A DITCH AND AS A RESULT ONE M/A PASSENGER DIED ON THE SPOT.,M,A,40.0,PASSENGER,2017-05-19,21.0
3,0845,KBL 545U TOYOTA MATATU,MAKUYU,MURANGA,THIKA - KENOL,THE M/V GOT TYRE BURST AND ROLLED SEVERALLY KILLING A PASSENGER ON THE SPOT.,F,42,79.0,PASSENGER,2017-03-24,
5,1800,KAM 424D T/SHARK AND M/A/PASS,MASENO,KISUMU,KISUMU- BUSIA,M/A/PASSENGER FELL OFF A MOVING VEHICLE DYING ON THE SPOT.,M,52,73.0,PASSENGER,2017-05-20,18.0
10,1030,KCG 993C ISUZU CANTER & KAZ 186L M/BENZ,MOLO,NAKURU,NAKURU ELDORET,THE CANTER RAMMED INTO THE TRAILER,M,30,10.0,PASSENGER,2017-10-18,10.0
11,2030,KBN 962C /ZD 7177 SCANIAL TRAILER,TARAKWA,UASIN GISHU,ELDORET-NAKURU,"THE VEHICLE LOST CONTROL, VEERING OFF THE ROAD AND LANDED INTO A DITCH",F,A,26.0,PASSENGER,2017-11-02,20.0
3,1800,KBA MITSUBISHI LORRY,KERICHO,KERICHO,KAPOROK SEGEREK,THE VEHICLE LOST CONTROL AND OVERTURNED,M,A,26.0,PASSENGER,2017-03-11,18.0
5,0530,KCK 370Y ISUZU DMAX P/UP AND KCK 144T/ZF 5964 MAN TRAILER,VOI,TAITA TAVETA,NAIROBI- MOMBASA,P/UP COLLUDED HEAD ON WITH THR TRAILOR WHERE M/A PASSENGER IN THE P/UP DIED ON THE SPOT.,M,55,8.0,PASSENGER,2017-05-23,5.0
9,1600,GKB 174B ISUZU DMAXX,MOGOTIO,BARINGO,MARIGAT MOGOTIO,THE VEHICLE LOST CONTROL AND ROLLED SEVERAL TIMES,M,A,26.0,PASSENGER,2017-09-21,16.0
6,1900,KAZ 625K TOYOTA COROLLA,MATUU,MACHAKOS,KANYONYO EMBU,THE VEHICLE LOST CONTROL AND RAMMED INTO A TREE,M,34,21.0,PASSENGER,2017-06-11,19.0
6,1300,KBZS 373T T/UP & KAW 193A T/SALOON,MATUU,MACHAKOS,MATUU THIKA ROAD,HEAD ON COLLISSION,F,29,10.0,PASSENGER,2017-06-11,13.0
3,2100,"KCG 394P TOYOTA MATATU,KBK 598U ISUZU",NTULELE,NAROK,NAROK MAIMAHIU,THE CANTER LOST CONTROL AND HIT THE MATATU,F,A,7.0,PASSENGER,2017-03-26,21.0
4,0900,KCG 285S ISUZU LORRY,MACHAKOS,MACHAKOS,NAIROBI-MOMBASA,THE VEHICLE HIT THE TRAILER,M,A,29.0,PASSENGER,2017-04-25,9.0
6,0220,KCD 078M/ZD 9607 SHACKMAN,NTULELE,NAROK,NAROK-MAIMAHIU,THE VEHICLE LOST CONTROL AND LANDED INTO A DITCH,F,A,78.0,PASSENGER,2017-06-16,2.0
4,1700,KAW 886H TOYOTA NZE & KBR 908B T/PICK UP,MAKUYU,MURANGA,KENOL-MAKUYU,VEHICLE KNOCKED DOWN A VICTIM,M,A,10.0,PASSENGER,2017-04-25,17.0
8,1830,KBA 487G ISUZU CANTER,KITUI,KITUI,KYUSINI-MUTHA,THE VEHICLE ROLLED,M,A,7.0,PASSENGER,2017-08-08,18.0
9,1700,KCA 277W ISUZU BUS,RUIRU,KIAMBU,THIKA NAIROBI,THE CONDUCTOR FELL FROM THE MOVING VEHICLE,M,A,73.0,PASSENGER,2017-09-11,17.0
6,1900,M/V KCG 836R T/MATATU,MAKUENI,MAKUENI,MACHAKOS -WOTE RD,"THE M/V TOYOTA WAS HEADING TOWARDS MACHAKOS WHEN ON REACHING THE LOCATION THE VEHICLE HIT A POT HOLE AND LOST CONTROL, VEERED OFF THE ROAD AND LANDED BY THE ROAD SIDE KILLING A PASSENGER",F,A,25.0,PASSENGER,2017-06-17,19.0
6,2030,M/V KAN 657R I/LORRY & KBP 364H PROBOX,LUANDA,SIAYA,KISUMU BUSIA RD,"THE TOYOTA PROBOX DRIVEN BY ONE AVISI ETESI TOWARDS LUANDA UPON REACHING THE LOCATION THE DRIVER WAS OVERTAKING ANOTHER VEHICES WHEN HE HIT THE LEFT SIDE OF THE LORRY , DUE TO THAT THE PROBOX LOST CONTROL AND ROLLED SEVERALLY.",M,50,10.0,PASSENGER,2017-06-17,20.0
10,1030,KCF 526Y TOYOTA HIACE,KENDU BAY,HOMA BAY,RAKWARO,THE VEHICLE GOT A TYRE BURST AND ROLLED SEVERAL TIMES,F,26,,PASSENGER,2017-10-22,10.0
9,2000,KBE 557Y TOYOTA HILLUX,AHERO,KISUMU,AHERO AWASI,THE VEHICLE LOST CONTROL AND ROLLED SEVERAL TIMES,M,A,26.0,PASSENGER,2017-09-11,20.0
11,0745,KBS 163T/ZD 9531 AXIOR TRAILER,KISUMU,KISUMU,NAIROBI-BUSIA,THE VEHICLE LOST CONTROL AND HIT BARRIER LANDING UNDER THE FLYOVER,F,A,29.0,PASSENGER,2017-11-06,7.0
7,2030,KBX 398S TOYOTA HIACE,RUIRU,KIAMBU,THIKA SUPERHIGH WAY,THE VEHICLE HIT ANOTHER M/V,M,A,60.0,PASSENGER,2017-07-21,20.0
7,1530,KBY 271K TOYOTA P/UP,GARISSA,GARISSA,GARISSA MWINGI,THE VEHICLE LOST CONTROL VEERED OFF AND ROLLED SEVERAL TIMES,M,25,98.0,PASSENGER,2017-07-15,15.0
8,0830,M/TRACTOR KTCB 590J/ZA 1797 NEW HOLLAND & M/A/PAX,BOMET,BOMET,SILIBWET KIPTAGICH RD,LOST CONTROL AND OVERTURNED,M,A,26.0,PASSENGER,2017-08-02,8.0
8,1945,KMDQ 721T SKYGO,MAKUENI,MAKUENI,KITISE KIKOME,THE CYCLE LOST CONTROL AND HIT A TREE,M,25,26.0,PASSENGER,2017-08-27,19.0
7,1520,KBU 240C/ZC 5232 FORD HOLLAND TRACTOR,KAKAMEGA,KAKAMEGA,SISOTE-DOROFU MURRAM ROAD,THE VICTIM WAS OVER RAN BY THE VEHICLE,M,26,70.0,PASSENGER,2017-07-12,15.0
8,1400,GKB 402S TOYOTA L/CRUISER,GARISSA,GARISSA,GARISSA IJARA,THE VEHICLE LOST CONTROL AND OVERTURNED,M,A,29.0,PASSENGER,2017-08-19,14.0
7,1830,KCG 893B TOYOTA SUCCEED,MATUU,MACHAKOS,MATUU MWINGI,THE VEHICLE GOT A TYRE BURST AND ROLLED,M,65,79.0,PASSENGER,2017-07-14,18.0
7,1900,KCH 153B/ZF 5207M/BENZ TRAILER,LONDIANI,KERICHO,KERICHO-LONDIANI,THE VEHICLE LOST CONTOL AND VEERED OFF THE ROAD,M,A,26.0,PASSENGER,2017-07-29,19.0
8,1930,KBW 931Z MITSUBISHI FUSO LORRY & KCD 890S TOYOTA PROBOX,KISERIAN,KAJIADO,KISERIAN MAGADI,HEAD ON COLLISSION,M,16,8.0,PASSENGER,2017-08-14,19.0
7,2120,KBM 558F TOYOTA MATATU AND GKB 347R LAND CRUISER,KISUMU,KISUMU,KISUMU NAIROBI,THE CRUISER HIT THE MATATU,M,A,26.0,PASSENGER,2017-07-09,21.0
8,0700,KCK 032F MINI BUS,BURUBURU,NAIROBI,OUTERING,THE VEHICLE LOST CONTROL AND LANDED INTO A DITCH,M,37,26.0,PASSENGER,2017-08-20,7.0
7,1830,KCJ 804W TOYOTA PROBOX,EMBU,EMBU,EMBU-KIBUKU,"THE VEHICLE LOST CONTROL, VEERING OFF THE ROAD AND HIT A CALVERT",F,4,26.0,PASSENGER,2017-07-25,18.0
7,0630,KAA 405Y M/CANTER & KBG 358N T/MATATU,KIKUYU,KIAMBU,KIKUYU-WANGIGE ROAD,THE CANTER BRAKES FAILED AND HIT THE MATATU,M,A,68.0,PASSENGER,2017-07-28,6.0
8,0700,KCL 879M & KBR 759P MITSUBISHI FH LORRIES,SALAMA,MAKUENI,MOMBASA NAIROBI,HEAD ON COLLISSION,M,A,10.0,PASSENGER,2017-08-18,7.0
7,1540,KAK 882T/ZB 6337 M/BENZTRAILER & UAQ 977N /UAQ 722C TANKER,TURBO,KAKAMEGA,ELDORET-WEBUYE,HEAD ON COLLISSION,M,33,26.0,PASSENGER,2017-07-25,15.0
7,0240,KBJ 771J MITSUBISHI FH & UAZ 971Y/ZE 5278 M/BENZ TRAILER,SALGAA,NAKURU,NAURU-ELDORET,THE FH RAMMED INTO THE REAR OF THE TRAILER,M,A,17.0,PASSENGER,2017-07-27,2.0
8,2130,KBM 967N PPTR COMPRESSOR/KBX 141T T/MATATU,NYERI,NYERI,NYERI NANUKI,HEAD ON COLLISSION,M,,7.0,PASSENGER,2017-08-27,21.0
8,0700,M/V KCC 021A ISUZU BUS,MARSABIT,MARSABIT,MARSABIT MOYALE RD,M/V PUSHE BY WIND HENCE LOOSING CONTROL AND OVERTURNED,M,A,97.0,PASSENGER,2017-08-04,7.0
7,2330,KCB 161G NISSAN UD BUS & KBW 042F NISSAN VAN,UKUNDA,KWALE,MSAMBWENI-LUNGALUNGA,THE VEHICLES COLLIDED HEAD ON,M,36,26.0,PASSENGER,2017-07-12,23.0
8,0620,KAV 417C N/SALOON,KIRITIRI,EMBU,KIVAA-EMBU,"THE VEHICLE HAD A TYRE BBURST, LOSING CONTROL AND ROLLED",F,33,79.0,PASSENGER,2017-08-07,6.0
7,2345,KBV 922T V/WAGEN GOLF,GARISSA,GARISSA,GARISSA MWINGI,THE VEHICLE LOST CONTROL AND PLUGGED INTO TANA RIVER,M,A,98.0,PASSENGER,2017-07-16,23.0
8,1440,GKB 068E T/L/CRUISER,KENDU BAY,HOMA BAY,KENDU BAY-HOMA BAY,THE PASSENGER FELL FROM THE VEHICLE WHILE ON MOTION,M,A,70.0,PASSENGER,2017-08-21,14.0
8,1030,KCM 108P TOYOTA PASSO & KBU 656L TOYOTA HARRIER,VOI,TAITA TAVETA,MOMBASA NAIROBI,HEAD ON COLLISSION,F,A,10.0,PASSENGER,2017-08-19,10.0
8,1300,83 KA 84 LORRY,NYERI,NYERI,MARWA-KIGANJO,"THE VEHICLE HAD A TYRE BBURST, LOSING CONTROL AND LANDED",M,A,79.0,PASSENGER,2017-08-07,13.0
7,2000,KBR 020D ISUZU MINIBUS,GIGIRI,NAIROBI,GETA ROAD,THE VICTIM JUMPED OUT OF THE VEHICLE AND WAS RAN OVER,F,A,73.0,PASSENGER,2017-07-19,20.0
8,1740,KAR 668P NISSAN MATATU,MANDERA,MANDERA,MANDERA MALKA SUFTU,THE VICTIM FELL DOWN WHILE THE VEHICLE WAS IN MOTION AND WAS OVER RAN,M,A,28.0,PASSENGER,2017-08-27,17.0
8,1700,KCL 624X TOYOTA PROBOX,MUMIAS,KAKAMEGA,MUMIAS EBUYANGU,THE VEHICLE GOT A TYRE BURST AND ROLLED SEVERAL TIMES,F,A,54.0,PASSENGER,2017-08-27,17.0
8,1800,KMDK 663M SKYGO & KCB 900T TOYOTA,RUNYENJES,EMBU,KYENI KARURUMO,M/CYCE WAS HIT BY M/V KILLING THE PASSENGER,F,28,30.0,PASSENGER,2017-08-05,18.0
8,2200,KCH 968N I/M/BUS,ISINYA,KAJIADO,ISINYA-KITENGELA,THE PASSENGER FELL DOWN WHILE THE VEHICLE WAS IN MOTION,M,27,70.0,PASSENGER,2017-08-07,22.0
8,0810,KBQ 194J ISUZU BUS (EMBASSAVA SACCO),MAKONGENI,NAIROBI,JOGOO,THE PASSENGER FELL DOWN WHILE THE VEHICLE WAS IN MOTION,M,36,70.0,PASSENGER,2017-08-09,8.0
8,0830,KBS 142K ISUZU M/BUS,GIGIRI,NAIROBI,WAIYAKI WAY,THE PASSENGER JUMPED OUT OFF THE VEHICLE AND FELL DOWN,M,A,58.0,PASSENGER,2017-08-20,8.0
8,1130,KBZ 916P MITSUBISHI BUS,KAYOLE,NAIROBI,KAYOLE,THE VICTIM FELL DOWN WHILE THE VEHICLE WAS IN MOTION AND WAS OVER RAN,M,25,53.0,PASSENGER,2017-08-27,11.0
10,1745,KCH 473K TATA LORRY,ATHI RIVER,MACHAKOS,NAIROBI-MOMBASA,THE PERSON WHO WAS STEALING A RIDE FALL DOWN,M,A,72.0,PASSEGER,2017-10-31,17.0
8,1830,M/V/KCA 257B I/M/BUS & M/A/PAX,KEROKA,NYAMIRA,KEROKA-SOTIK RD,SLIPPED WHILE NEGOTIATING A CORNER AND LANDED ON THE LEFT SIDE,M,28,12.0,PASSANGER,2017-08-02,18.0
8,1400,KBN126N ISUZU CANTER,NANDI,NANDI,NANDI HILL-KIMAKI,LOST CONTROL AND LANDED IN A DITCH,M,A,26.0,PASSANGER,2017-08-03,14.0
7,1000,KCC006A HINO BUS,MAGUMU,NYANDARUA,NAIROBI-NAIVASHA,LOST CONTROL AND VEERED OFF THE ROAD KILLING A PASSENGER,F,A,26.0,PASSANGER,2017-07-02,10.0
8,2300,M/CYC KMDX 644H HAUJON,NAKURU,NAKURU,MOGOTHE KIRIMA,M/CYCLE KNONCKED ADOWN A JUNIOR PLAYING,F/J,6,62.0,P/PEDESTRIAN,2017-08-04,23.0
7,1840,KBZ 763G T/MATATU AND UNKNOWN M/CYCLE,KONDELE,KISUMU,KAKAMEGA-KISUMU,THE MATATU OVERAN TWO P/PASSENGER WHO FELL FROM THE M/CYCLE,M,A,39.0,P/PASSENGERS,2017-07-27,18.0
10,2015,KMBH 665T TVS STAR,BUNGOMA,BUNGOMA,BUNGOMA-WEBUYE,THE UNKNOWN M/V HIT THE MOTOR CYCLE,M,"32, 40",98.0,P/PASSENGERS,2017-10-29,20.0
10,2000,KMDM 019T BOXER & KMDX 704Q TVS STAR,KIMILILI,BUNGOMA,KITALE WEBUYE,HEAD ON COLLISSION,M,30,7.0,P/PASSENGER,2017-10-16,20.0
5,1645,KMEB 838B TVS STAR AND KCA 769E MITSUBISH LORRY,MOYALE,MARSABIT,MOYALE- HEILLU,M/CYCLIST CARRYING OONE M/A PASSENGER RAMMED INTO THE REAR OF THE SAID LORRY WHERE THE P/PASSENGER SUSTAINING SERIOUS INJURIES AND DIED AT HOSPITAL.,M,19,36.0,P/PASSENGER,2017-05-21,16.0
7,1730,KCJ 983W TOYOTA SUCCEED & KMDD 745C RIFAN,KERICHO,KERICHO,KERICHO NAKURU,VEHICLE KNOCKED DOWN A VICTIM,F,A,98.0,P/PASSENGER,2017-07-16,17.0
5,1720,KCD 930Z ISUZU LORRY AND UNKNOWN M/CYCLE,KITENGELA,KAJIADO,NAMANGA- KITENGELA,LORRY WAS HIT FROM THE REAR BY THE SAID M/CYCLE WHICH WAS NOT FOUND AT THE SCENE CARRYING A M/A P/PASSENGER WHO FALL ON THE ROAD SUSTAINING SERIOUS INJUIRIES AND DIED ON THE WAY TO HOSPITAL,M,20,37.0,P/PASSENGER,2017-05-21,17.0
8,2300,"KBU 177P ISUZU NPR,KMDZ 239Z BOXER",SOTIK,BOMET,KAPLONG BOMET,HEAD ON COLLISSION,M,A,8.0,P/PASSENGER,2017-08-27,23.0
5,1100,SCANIA BUS AND KMDL 771K SKYGO,KISUMU,KISUMU,KISUMU- BUSIA,BUS DRIVER HIT A M/CYCLE CARRYING ONE F/A P/PASSENGER WHO DIED ON THE SPOT.,F,29,10.0,P/PASSENGER,2017-05-19,11.0
7,1500,KCF 278S ISUZU FRR & MOTOR CYCLE,BONDO,SIAYA,BONDO USENGE,HEAD ON COLLISSION,M,A,10.0,P/PASSENGER,2017-07-19,15.0
8,1630,"KBK 669F TOYOTA HIACE,KBW 178K T/PROBOX",MAUA,MERU,MERU MAUA,THE CYCLE HIT THE MATATU AND THEN WAS OVERRAN BY THE SAME MATATU,M,A,26.0,P/PASSENGER,2017-08-27,16.0
3,1800,UNKNOWN M/CYCLE,KAGUNDU,MACHAKOS,JOSKA KAGUNDO,THE M/CYCLE LOST CONTROL VEERING OFF THE ROAD HITTING AN ELECTRIC POLE WHERE P/ PASSENGER DIED ON THE SPOT.,M,22,79.0,P/PASSENGER,2017-03-29,18.0
7,1945,KCE 561Y/ZD 1607 MAN TRAILER & KMDU 448S YAMAHA,CHANGAMWE,MOMBASA,NAIROBI MOMBASA,VEHICLE KNOCKED DOWN A VICTIM,M,23,10.0,P/PASSENGER,2017-07-14,19.0
7,1530,GKB 363E T/L/CRUISER & KMDL 532D M/CYCLE,KAKAMEGA,KAKAMEGA,SIGALAGALA BUTERE,VEHICLE KNOCKED DOWN A VICTIM,M,69,25.0,P/PASSENGER,2017-07-24,15.0
6,1600,KA 223B TANKER & KMDB 266Q,KILIFI,KILIFI,KILIFI MOMBASA,THE TANKER LOST CONTROL AND HIT THE M/CYCLE,M,A,19.0,P/PASSENGER,2017-06-11,16.0
7,1930,KBV 072X SCANIA BUS & UNKNOWN M/CYCLE,VIHIGA,VIHIGA,CHAVAKALI KAPSABET,THE VICTIM JUMPED FROM THE MOVING CYCLE AND WAS OVERAN BY THE VEHICLE,F,13,71.0,P/PASSENGER,2017-07-22,19.0
6,1930,KCG 945P FAW LORRY & KMDP 939C HONDA,KONDELE,KISUMU,OBUNGA KONDELE,THE VEHICLE COLLIDED WITH M/CYCLE,F,A & J,57.0,P/PASSENGER,2017-06-11,19.0
7,2230,UNKNOWN M/V & KMCZ 899B,NYERI,NYERI,NYERI TETU,HEAD ON COLLISSION,M,45,98.0,P/PASSENGER,2017-07-22,22.0
5,1610,KAS 488S T/SALOON & KMDU 423J BOXER,ONGATA RONGAI,KAJIADO,KISERIAN - RONGAI,HEAD ON COLLISSION,M,27,26.0,P/PASSENGER,2017-05-03,16.0
9,1730,KMEC 478U TIGERS,THIKA,KIAMBU,THIKA SUPER HIGHWAY,THE CYCLE LOST CONTROL AND ROLLED SEVERAL TIMES,M,A,54.0,P/PASSENGER,2017-09-13,17.0
5,2045,KMCY 277T SKYGO & KBF 305N ISUZU P/UP,ATHI RIVER,MACHAKOS,NAIROBI -MOMBASA,THE PICK UP HIT THE MOTOR CYCLE,M,A,37.0,P/PASSENGER,2017-05-12,20.0
9,1330,KCK 407Z T/MATATU & KMEA 878P BOXER,MASENO,KISUMU,KISUMU BUSIA,HEAD ON COLLISSION,F,A,39.0,P/PASSENGER,2017-09-13,13.0
5,1340,KBT 518G MITSUBISHI M/BUS & KMDN 755X SKYGO,MATUU,MACHAKOS,MATUU-THIKA,THE VEHICLE RAMMED INTO THE REAR OF M/CYCLE,F,52,29.0,P/PASSENGER,2017-05-03,13.0
6,1700,KMCT 947R MTR & KMDL 862U SKYGO,GARISSA,GARISSA,KISMAIYO ROAD,VEHICLE KNOCKED DOWN A VICTIM,M,A,50.0,P/PASSENGER,2017-06-20,17.0
9,0630,KMCJ 620F DAYUN,THIKA,KIAMBU,MUKARARA KIUNYU,THE CYCLE LOST CONTROL AND HIT A CULVERT,M,A,26.0,P/PASSENGER,2017-09-17,6.0
3,1220,"KMDX 152G TVS, KMDM 062P TVS & KBM 450Y M/CANTER",GUCHA,MIGORI,OMIRIGAMI-SENGERA RD,VICTIM LANDED UNDER THE VEHICLE AND HIT THE WHEEL,M,A,36.0,P/PASSENGER,2017-03-09,12.0
11,1300,KBC 483M NEW HOLLAND,MUMIAS,KAKAMEGA,ELUCHE-MUMIAS,THE TRACTOR HIT A PEDAL CYCLE,M,A,26.0,P/PASSENGER,2017-11-02,13.0
9,2200,KMEA 242A SKYGO,SULTAN HAMUD,MAKUENI,MOMBASA NAIROBI,THE VICTIM FELL DOWN FROM THE CYCLE,F,45,50.0,P/PASSENGER,2017-09-03,22.0
3,1800,KBT 896Z MITSUBISHI LORRY & KMDL 691G TVS STAR,NYAMIRA,NYAMIRA,KISII NYAMIRA,THE VEHICLE RAMMED INTO THE CYCLE,F,A,98.0,P/PASSENGER,2017-03-01,18.0
8,1840,UNREGISTERED M/CYCLE,KERICHO,KERICHO,KERICHO-KISUMU,THE M/CYCLE LOST CONTROL AND LANDED INTO A DITCH,M,25,54.0,P/PASSENGER,2017-08-16,18.0
9,1230,KMCH 914K SKYGO,KITUI,KITUI,KAUMA MATINYANI,THE VICTIM FELL DOWN FROM THE CYCLE,F,4,64.0,P/PASSENGER,2017-09-03,12.0
9,1000,KCK 989T MITSUBISHI FUSO,TIGANIA,MERU,MERU MAUA,VEHICLE KNOCKED DOWN A VICTIM,M,A,98.0,P/PASSENGER,2017-09-03,10.0
8,2200,M/C KMDV 873V SKYGO & M/V/KCF 771D MITSUBISH,SULTAN HAMUD,MAKUENI,EMALI MATILIKU MURRAM RD,M/CYCLE WAS HIT BY THE M/V,M/J,12,8.0,P/PASSENGER,2017-08-02,22.0
3,0840,KMDS 953A RANGER,KITUI,KITUI,MUMO MUTINI,THE CYCLE LOST CONTROL AND FELL DOWN,M,A,54.0,P/PASSENGER,2017-03-13,8.0
10,2025,KTWB 868D DAIYUN & KBL 485K TOYOTA MATATU,KIRINYAGA,KIRINYAGA,KERUGOYA-KUTUS,HEAD ON COLLISSION,F,35,39.0,P/PASSENGER,2017-10-29,20.0
3,2100,KMDY 115X CAPTAIN & UNKNOWN,NAROMORU,NYERI,NYERI NANYUKI,HEAD ON COLLISSION,M,60,10.0,P/PASSENGER,2017-03-16,21.0
2,1230,KBV 505H TOYOTA P/UP,KITALE,TRANS NZOIA,KITALE KILONGOLO,THE VEHICLE RAN OVER THE P/PASSENGER,M,A,98.0,P/PASSENGER,2017-02-28,12.0
10,2045,KBD 849K TOYOTA MATATU & KMEG 870J PIONEER,KITUI,KITUI,KITUI-KABATI,THE VEHICLE RAMMED INTO THE MOTOR CYCLE,M,6 MONTHS,29.0,P/PASSENGER,2017-10-29,20.0
3,1130,KBY 517J TOYOTA CANTER & KMCU 003B DAYUN,GITHUNGURI,KIAMBU,KIAMBU KWAMAIKO,HEAD ON COLLISSION,F,42,8.0,P/PASSENGER,2017-03-17,11.0
8,1030,KCJ 962Z/ZF 6613 M/BENZ & KMCF 069Y SKYGO,MAKINDU,MAKUENI,NAIROBI-MOMBASA,THE TRAILER HIT THE MOTOR CYCLE,F,A,10.0,P/PASSENGER,2017-08-30,10.0
10,1130,UNKNOWN,VIHIGA,VIHIGA,LUANDA MAJENGO,HIT & RUN,M,76,98.0,P/PASSENGER,2017-10-28,11.0
8,2000,"KCJ 688X NISSAN MATATU,KMCF 736F TVS",BUTERE,KAKAMEGA,SHIATSALA MANYULIA,VEHICLE KNOCKED DOWN A VICTIM,M,A,8.0,P/PASSENGER,2017-08-27,20.0
8,2055,UNKNOWN,BUNGOMA,BUNGOMA,BUNGOMA-MUMIAS,HIT & RUN,M,A,98.0,P/PASSENGER,2017-08-30,20.0
10,1200,KBK 998X ISUZU CXZ LORRY & KMEC 944U TVS STAR,GARISSA,GARISSA,SOKO NG'OMBE BULA RIGI EARTH ROAD,VEHICLE KNOCKED DOWN A VICTIM,M,A,19.0,P/PASSENGER,2017-10-23,12.0
7,1830,KMCN 544N TVS STAR & KCK 396Y & MITSUBISH TANKER,MIGORI,MIGORI,OGWEDHI-OYANI MASAI MURRAM RD,THE VEHICLE KNOCKED THE M/CYCLE,M,A,98.0,P/PASSENGER,2017-07-29,18.0
3,1845,KMDT 190M,TIGONI,KIAMBU,LIMURU-KAMANDURA,THE M/CYCLE WAS HIT BY A LORRY,F,41,98.0,P/PASSENGER,2017-03-22,18.0
6,1900,KAY 636N TOYOTA MATATU & KMDV 100C TVS STAR,NYAMIRA,NYAMIRA,IKONGE CORNER,HEAD ON COLLISSION,F,34,29.0,P/PASSENGER,2017-06-20,19.0
11,1830,KBG 936M T/MATATU & KMDT 551U BOXER,ONGATA RONGAI,KAJIADO,MAGADI ROAD,THE VEHICLE RAMMED INTO THE MOTOR CYCLE,F,30,18.0,P/PASSENGER,2017-11-06,18.0
10,0630,KBN 526K T/MATATU & KMDY 288N,KAKAMEGA,KAKAMEGA,KAKAMEGA WEBUYE,VEHICLE KNOCKED DOWN A VICTIM,M,17,26.0,P/PASSENGER,2017-10-18,6.0
3,2030,"KMDR 774X BOXER,KMDQ 008N TVS & KBR 128T FAW PRIME MOVER",MASENO,KISUMU,KISUMU BUSIA,HEAD ON COLLISSION,M,A,,P/PASSENGER,2017-03-10,20.0
7,2100,KBA 189B TOYOTA TOWNACE & KMDX 304F BOXER,BUSIA,BUSIA,BUTULA MUMIAS,HEAD ON COLLISSION,M,A,79.0,P/PASENGER,2017-07-16,21.0
7,0730,KBN 093H M/BENZ ZC 5263 AND KMDJ,ELDORET,UASIN GISHU,ELDORET-KAPSABET,HIT THE SAID M/CYCLE,M,A,10.0,P/P/PASSENGER,2017-07-01,7.0
7,2300,BICYCLE,KITUI,KITUI,KITUI-KABATI,THE UNKNOWN M/V HIT THE PEDAL CYCLE,M,A,98.0,P/CYCLIST,2017-07-21,23.0
7,1800,KCJ 291M TOYOTA PROBOX,MWINGI,KITUI,MWINGI-KYUSO,VEHICLE KNOCKED DOWN A VICTIM,M,A,98.0,P/CYCLIST,2017-07-21,18.0
8,2320,KMDS561W HONDA,MAKINDU,MAKUENI,WOTE MAKINDU,M/CYCLE RAMMED AT THE REAR OF A P/CYCLIST,M,A,7.0,P/CYCLIST,2017-08-05,23.0
7,1940,KAH 811R M/BENZ,SIAYA,SIAYA,KISUMU BONDO,VEHICLE KNOCKED DOWN A VICTIM,M,80,98.0,P/CYCLIST,2017-07-08,19.0
8,1330,M/V KAK 484H I/CANTER & P/CYCLIST,KAPSABET,NANDI,MOSORIOT-KABIYET RDD,M/V HIT FROM REAR A CYCLIST,M,13,29.0,P/CYCLIST,2017-08-02,13.0
7,2000,KAX 983C TOYOTA IPSUM,BUSIA,BUSIA,BUSIA-MIMIAS,HIT P/CYCLIST,M,A,7.0,P/CYCLIST,2017-07-01,20.0
2,0930,KBQ 578L TOYOTA HIACE,THIKA,KIAMBU,THIKA SUPERHIGHWAY,VEHICLE KNOCKED DOWN A VICTIM,M,A,10.0,P/CYCLIST,2017-02-28,9.0
3,1030,KBS 829E TOYOTA FIELDER,NANDI CENTRAL,NANDI,KAPSABET -CHAVAKALI,VEHICLE KNOCKED DOWN A VICTIM,M,45,37.0,P/CYCLIST,2017-03-31,10.0
7,0400,KBE 276G TOYOTA FIELDER,SULTAN HAMUD,MAKUENI,MOMBASA NAIROBI,VEHICLE KNOCKED DOWN A VICTIM,M,32,98.0,P/CYCLIST,2017-07-16,4.0
3,2100,KAV 585E MITSUBISH LORRY,GVIAS,NAIROBI,OUTERING ROAD,THE VEHICLE KNOCKED A P/CYCLIST,M,40,98.0,P/CYCLIST,2017-03-31,21.0
2,0845,KBY 062V T/VANNET & P/CYCLE,SAGANA,MURANGA,SAGANA-KARATINA,VEHICLE KNOCKED DOWN A VICTIM,M,61,29.0,P/CYCLIST,2017-02-22,8.0
11,1745,KBS 456Q T/MATATU,NAKURU,NAKURU,LANET-NDUNDORI,THE VEHICLE HIT A PEDAL CYCLIST,M,78,8.0,P/CYCLIST,2017-11-06,17.0
7,1930,KMDA 603D M/C &PEDAL CYCLIST,KABRAS,KAKAMEGA,KUVASALI-IKOLI,M/V COLLIDED HEAD ON WITH M/CYCLE,M,15,26.0,P/CYCLIST,2017-07-30,19.0
3,0810,KAZ 854W/ZB 920 M/BENZ,TURBO,KAKAMEGA,ELDORET- WEBUYE,UNKOWN PEDAL CYCLIST LOST CONTROL AND FELL DOWN ON THE ROAD AFTER HE WAS OVERTOOK BY THE LORRY AND DIED ON THE SPOT.,M,A,10.0,P/CYCLIST,2017-03-24,8.0
3,2230,KBD 339D TOYOTA VOXXY,ELDORET,UASIN GISHU,ELDORET WEBUYE,VEHICLE KNOCKED DOWN A VICTIM,M,A,7.0,P/CYCLIST,2017-03-27,22.0
4,2100,KMDZ 594K TIGERS & KMCQ 807E TIGERS,OTHAYA,NYERI,OTHAYA-RURUGUTI,HEAD ON COLLISSION,M,A,26.0,MOTOR CYCLIST,2017-04-25,21.0
5,2330,M/V KBX 135K M/BUS & M/CYC. KMDV 701P BOXER,SOTIK,BOMET,BOMET- KAPLONG RD,RIDER AND P/PASSENGER OF THE SAID M/CYC HIT THE RIGHT FRONT SIDE OF THE SAID M/VEHICLE FATALLY INJURING BOTH OF THEM.,M,20 & 25 YRS,37.0,M/CYLIST & P/PASSENGER,2017-05-15,23.0
3,1900,M/V KX 91A40 &M/C KMDL 141N SKYGO,KITUI,KITUI,KALINDU NGIINI MUTUNE ROAD,M/V COLLIDED HEAD ON WITH THE M/CYCLE WHO FAILED TO KEEP HIS NEAR SIDE AND DIED.,M,27,8.0,M/CYLIST,2017-03-30,19.0
3,1100,KBZ 661E MITSUBISH MINI BUS & UNKNOWN M/CYLE,KITUI,KITUI,KUNDA KINDU MAIN STAGE,THE M/V REVERSED AND HIT THE M/CYCLE KILLING HIM ON THE SPOT.,M,51,16.0,M/CYLIST,2017-03-30,11.0
3,1630,KAQ 698J TOYOTA HIACE & KMDM 231U TVS STAR,NYAMIRA,NYAMIRA,NYAMIRA KISII,THE M/V HIT THE M/CYLCLE WHO SUSTAINED SERIOUS INJURIES AND DIED AT NYAMIRA HOSPITAL,M,22 YRS,37.0,M/CYLIST,2017-03-30,16.0
3,1030,KZK 181 PEUGEOTS 504 & KMDB 716 B FOCIN,ELDORET,UASIN GISHU,ELDORET WEBUYE,THE M/CYCLE COLLIDED HEAD ON WITH THE M/V RESULTING THE DEATH OF THE M/CYCLIST.,M,A,10.0,M/CYLIST,2017-03-30,10.0
8,1150,KAM 084N L/ROVER & KMCL 787D,NAROMORU,NYERI,NYERI NANYUKI ROAD,HEAD ON COLLISSION,M,45,79.0,M/CYCLIT,2017-08-15,11.0
5,2100,KCH 919D TOYOTA HARRIER AND KMDQ 122S TVS STAR,KAKAMEGA,KAKAMEGA,KISUMU- KAKAMEGA,M/V RAMMED INTO THE REAR OF THE SAID M/CYCLE WHOSE RIDER IS UNKNOWN KILLING F/A P/PASSENGER ON THE SPOT.,M AND F,A,29.0,M/CYCLIST AND P/PASSENGER,2017-05-23,21.0
5,2330,KBW 240E TOYOTA CROWN AND KMDU 644B DAYUN,EMBAKASI,NAIROBI,MOMBASA ROAD,M/V RAMMED INTO THE REAR OF THE M/CYCLE WHERE TWO PEOPLE DIED.,M,A,29.0,M/CYCLIST AND P/PASSENGER,2017-05-14,23.0
10,2030,KBZ 609J MITSUBISHI LORRY & KMDN 141J BOXER,BOMET,BOMET,BOMET-LITEN,HEAD ON COLLISSION,M,A,8.0,M/CYCLIST & P/PASSENGER,2017-10-28,20.0
3,1230,KAX 721M TOYOTA MATATU & KMDM 840K BAJAJ,VIHIGA,VIHIGA,KISUMU-KAKAMEGA,THE VEHICLE COLLIDED HEAD ON WITH THE M/CYCLE,M,A,8.0,M/CYCLIST & P/PASSENGER,2017-03-07,12.0
7,1700,KBR 891S TOYOTA LANDCRUISER,KISUMU,KISUMU,KISUMU BUSIA,VEHICLE KNOCKED DOWN A VICTIM,M,A,98.0,M/CYCLIST,2017-07-31,17.0
10,1920,KBT 653G ISUZU LORRY & KMDA 802F RANGER,GARISSA,GARISSA,GARISSA-MWINGI,THE LORRY HIT THE MOTOR CYCLE,M,A,8.0,M/CYCLIST,2017-10-28,19.0
10,1640,KBJ 013E MITSUBISHI LORRY & KMDZ 370L,GIGIRI,NAIROBI,WANGARI MATHAI,THE LORRY HIT THE MOTOR CYCLE,M,A,8.0,M/CYCLIST,2017-10-28,16.0
10,1440,KMEF 648L SKYGO,MAKINDU,MAKUENI,KITUI-KIBWEZI,THE UNKNOWN LORRY HIT THE MOTOR CYCLE,M,A,23.0,M/CYCLIST,2017-10-28,14.0
10,0600,KMDE 494D RALLY,NAKURU,NAKURU,NAKURU-GILGIL,THE MOTOR CYCLE LOST CONTROL AND HIT A CULVERT,M,35,26.0,M/CYCLIST,2017-10-28,6.0
7,1800,KCK 004Q LORRY AND KMDZ 656F BOXER,KAPENGURIA,WEST POKOT,MAKUTANO LODWAR,THE VEHICLE HIT THE MOTOR CYCLE,M,A,10.0,M/CYCLIST,2017-07-09,18.0
7,0845,KCG 647N T/PROBOX &PEDESTRIAN,HOMABAY,HOMABAY,KENDU BAY KATITU ROAD,HIT AND KNONCKED DOWN A PEDESTRIAN,M,30,68.0,M/CYCLIST,2017-07-30,8.0
10,2030,KCA 766M SCANIA BUS & KMDW 875H BOXER,DAGOREI,NAIROBI,WAIYAKI WAY,THE MOTOR CYCLE HIT THE BUS,M,A,45.0,M/CYCLIST,2017-10-29,20.0
6,1430,KAN 109Z TOYOTA MATATU AND KMDJ 719F TIGER,MURANGA,MURANGA,MURANGA KAHURO,THE MATATU COLLIDED HEAD ON WITH THE CYCLE,M,A,26.0,M/CYCLIST,2017-06-23,14.0
10,1630,KCB 118C NISSAN SERENA & KMDK 325R BOXER,NTULELE,NAROK,NAROK-MAIMAHIU,HEAD ON COLLISSION,M,41,39.0,M/CYCLIST,2017-10-27,16.0
7,0600,KAX 096K NISSAN MATATU & KMDY 096Y HONDA,KAYOLE,NAIROBI,SPINE ROAD,THE VEHICLE COLLIDED HEAD ON WITH THE MOTOR CYCLE,M,A,29.0,M/CYCLIST,2017-07-29,6.0
6,1200,KMCH 262R BOXER & KZC 986 N/D LORRY,MOISBRIDGE,UASIN GISHU,LORETO ZIWA MACHINE MURRAM ROAD,VEHICLE KNOCKED DOWN A VICTIM,M,28,8.0,M/CYCLIST,2017-06-22,12.0
7,1730,KBX 937H/ZE 5581 &UNKNOWN M/CYCLE,CHUKA,MERU,CHOGORIA-MERU,THE VEHICLE COLLIDED HEAD ON WITH THE MOTOR CYCLE,M,42,98.0,M/CYCLIST,2017-07-29,17.0
10,1330,KMCR 076Z PREMIER & KMCC 083Q SKYGO,KITUI,KITUI,MUTHUE MUTOMO,VEHICLE KNOCKED DOWN A VICTIM,M,35,29.0,M/CYCLIST,2017-10-23,13.0
3,1730,"KCL 239A FH, KMGB 748V SKYGO",MAKONGENI,NAIROBI,LADHIS,THE LORRY HIT THE M/CYCLIST FROM BEHIND AND DIED ON THE SPOT.,M,26,63.0,M/CYCLIST,2017-03-24,17.0
7,0700,KCC 945W MITSUBISHI TANKER & KMDH 259P HONDA,KITALE,TRAN NZOIA,KITALE ELDORET,THE VEHICLE COLLIDED HEAD ON WITH MOTOR CYCLE,M,52,10.0,M/CYCLIST,2017-07-26,7.0
8,2130,KMCY 043P & KBN 806F MITSUBISHI CANTER,NYAHURURU,NYANDARUA,NYAHURURU-OLKALOU,HEAD ON COLLISSION,M,A,10.0,M/CYCLIST,2017-08-16,21.0
7,1000,KAL 326L T/G-TOURING & KMED 965G SKYGO,KABRAS,KAKAMEGA,KAKAMEGA-WEBUYE,VEHICLE KNOCKED DOWN A VICTIM,M,44,29.0,M/CYCLIST,2017-07-10,10.0
7,2030,KCK 136C ISUZU LORRY & KMCT 222R BOXER,BUSIA,BUSIA,KISUMU-BUSIA,THE VEHICLE COLLIDED HEAD ON WITH THE M/CYCLE,M,26,39.0,M/CYCLIST,2017-07-10,20.0
7,1500,KMDH 793Z CAPTAIN & KMDY 556Q DAYUN,MAUA,MERU,MAUA-KIENGU,THE M/CYCLE OVERAN THE OTHER ONE WHICH FELL DOWN,M,A,39.0,M/CYCLIST,2017-07-27,15.0
7,1750,KAX 366P TATA LORRY & KMEE 316M,THIKA BASE,KIAMBU,NGOIGWA-THIKA ROAD,THE M/CYCLE RAMMED INTO THE RARE OF THE LORRY,M,A,10.0,M/CYCLIST,2017-07-28,17.0
10,1900,UNKNOWN M/V & KMDE 433D,LONDIANI,KERICHO,KERICHO LONDIANI,HIT & RUN,M,40,98.0,M/CYCLIST,2017-10-22,19.0
7,2000,UAQ 390S T/SPACIO & KMDT 901N,DAGORETTI,NAIROBI,KABIRIA ROAD,HEAD ON COLLISSION,M,28,8.0,M/CYCLIST,2017-07-28,20.0
6,2200,KBT 958R ISUZU BUS & KMCJ 461Z BAJAJ,CENTRAL,NAIROBI,NEW PUMWANI ROAD,VEHICLE KNOCKED DOWN A VICTIM,M,30,98.0,M/CYCLIST,2017-06-22,22.0
7,2230,KMDR 133S HAKIM &KWTB 685C/ZD 4022 HOLLAND TRACTOR,CHANGAMWE,MOMBASA,POTREITZ ROAD,THE VICTIM WAS RAN OVER BY THE SAID VEHICLE,M,37,51.0,M/CYCLIST,2017-07-29,22.0
10,1000,KAZ 786 T/COROLLA & KMDJ 763X,MALINDI,MALINDI,WATAMU GEDE,HEAD ON COLLISSION,M,A,98.0,M/CYCLIST,2017-10-22,10.0
8,1430,KAV 645S MITSUBISH CANTER KMDA 080C BAJAJ,MALINDI,KILFI,MALINDI-MOMBASA,THE VEHICLE COLLIDED HEAD ON WITH THE MOTOR CYCLE,M,A,10.0,M/CYCLIST,2017-08-01,14.0
7,1845,KCE 325Q T/MATATU & KMDB 952H CAPTAIN,KARATINA,NYERI,KERUGOYA-KARATINA,THE VEHICLE COLLIDED HEAD ON WITH THE MOTOR CYCLE,M,25,10.0,M/CYCLIST,2017-07-29,18.0
10,2230,KAT 398C TOYOTA HILLUX P/UP & KMDS 535X SHINERY,KANGEMA,MURANGA,KIRIA-INI-KANGEMA,THE VEHICLE HIT THE MOTOR CYCLE,M,33,98.0,M/CYCLIST,2017-10-29,22.0
7,1730,KMSB 993K MAKE TIGER,OTHAYA,NYERI,OTHAYA KARIMA,THE CYCLE LOST CONTROL AND VEERED OFF THE ROAD HITTING A CULVERT,M,A,26.0,M/CYCLIST,2017-07-09,17.0
6,1500,KBH 028C MITSUBISHI LORRY AND KMEC 639X TVS,MALINDI,KILIFI,MALINDI MOMBASA,HEAD ON COLLISSION,M,A,26.0,M/CYCLIST,2017-06-25,15.0
3,0730,KMCL 774S SKYGO KCE 006Q TOYOTA AXIO,MTITO ANDEI,MAKUENI,NAIROBI MOMBASA,THE VEHICLE RAMMED INTO THE CYCLE,M,40,29.0,M/CYCLIST,2017-03-01,7.0
7,2030,KCL 484Q T/VOXY & UNREGISTERED M/CYCLE,LIKONI,KILIFI,RAMISI-MSAMBWENI,THE VEHICLE HIT THE M/CYCLE,M,19,98.0,M/CYCLIST,2017-07-04,20.0
3,0600,KMDX 569A BAJAJ,CHANGAMWE,MOMBASA,AIRPORT ROAD,THE M/CYCLIST HIT A CULVERT,M,26,93.0,M/CYCLIST,2017-03-07,6.0
8,1800,GKB 557R T/L/CRUISER & KMEC 349T BAJAJ,KISII,KISII,KISII-KISUMU,HEAD ON COLLISSION,M,A,37.0,M/CYCLIST,2017-08-07,18.0
8,1420,KMDW 895L YAMAHA,KEROKA,NYAMIRA,KEROKA SOTIK,THE VEHICLE LOST CONTROL AND LANDED IN A DITCH,M,A,26.0,M/CYCLIST,2017-08-31,14.0
7,0430,KAC 775S T/ALLION & KMCW 475D BOXER,RUIRU,KIAMBU,THIKA SUPER HIGHWAY,THE VEHICLE HIT THE M/CYCLE,M,48,29.0,M/CYCLIST,2017-07-04,4.0
8,0600,KBQ 498P LORRY AND UNKNOWN M/CYCLE,KEROKA,NYAMIRA,KEROKA-MASIMBA,THE MOTOR CYCLE HIT THE REAR OF THE LORRY,M,A,37.0,M/CYCLIST,2017-08-30,6.0
11,1930,KBM 062T /ZD 3889 AXIOR TRAILER & KMDZ 806F HAOJIN,TARU,KWALE,MOMBASA-VOI,HEAD ON COLLISSION,M,28,39.0,M/CYCLIST,2017-11-06,19.0
8,0545,KBY 312U PRADO & KMDM 955G SHYNREY,DTEO EMBAKAZI,NAIROBI,EASTERN BY PASS,THE PRADO HIT THE M/CYCLE,M,28,50.0,M/CYCLIST,2017-08-07,5.0
10,2000,KMDY 671N HONDA,MATUNDA,KAKAMEGA,KITALE - ELDORET,THE MOTOR CYCLE GOT FRONT TYRE BURST AND LOST CONTROL AND FALL DOWN,M,38,6.0,M/CYCLIST,2017-10-29,20.0
3,1000,KMCB 900B BAJAJ & UNKNOWN M/V,ONGATA RONGAI,KAJIADO,MAGADI ROAD,HIT & RUN,M,24,39.0,M/CYCLIST,2017-03-01,10.0
3,2230,KMCZ 724Z BOXER,BARINGO,BARINGO,TIRIMIONINI KASISIT MURRAM ROAD,THE VEHICLE RAMMED INTO THE CYCLE,M,18,98.0,M/CYCLIST,2017-03-01,22.0
8,1150,"KCM 315S T/LAND CRUISER,UEC 668 HONDA",GILGIL,NAKURU,GILGIL NAKURU,VEHICLE KNOCKED DOWN A VICTIM,M,34,10.0,M/CYCLIST,2017-08-27,11.0
8,1230,"KBV 288Y,KMEC 177M CAPTAIN",NYERI,NYERI,NYERI KARATINA,VEHICLE KNOCKED DOWN A VICTIM,M,A,10.0,M/CYCLIST,2017-08-27,12.0
7,1750,KMDE 684P SHINERAY AND KCE 829A ACTROSS,NAKURU,NAKURU,NAKURU ELDORET,THE CYCLE RAMMED INTO THE VEHICLE,M,A,26.0,M/CYCLIST,2017-07-07,17.0
11,1747,KMDQ 433R DAYAN & KAR 843W,NAKURU,NAKURU,PIPELINE ELEMENTAITA,THE VEHICLE HIT THE MOTOR CYCLE,M,23,29.0,M/CYCLIST,2017-11-06,17.0
8,2300,KBP 875X TOYOTA PROBOX & KMCY 276J TIGER,LARI,KIAMBU,NAIVASHA-NAIROBI,THE VEHICLE HIT THE MOTOR CYCLE,M,A,29.0,M/CYCLIST,2017-08-08,23.0
8,2200,KBZ 835Q FIELDER & KMCN 376Y TIGER,NAROMORU,NYERI,NYERI-NANYUKI,HEAD ON COLLISSION,M,40,40.0,M/CYCLIST,2017-08-07,22.0
7,1900,KCA 701C TOYOTA ISIS & KMDT 852P SHINERY,OLKALAU,NYANDARUA,OLKALAU NYAHURURU,HEAD ON COLLISSION,M,A,37.0,M/CYCLIST,2017-07-08,19.0
8,1810,KMDC 647X K SONGYI,GILGIL,NAKURU,NAIVASHA GILGIL,THE CYCLE WAS HIT FROM BEHIND BY UNKNOWN VEHICLE,M,A,98.0,M/CYCLIST,2017-08-27,18.0
7,1130,KBJ 478H T/HIACE & KMCM 439M,KEROKA,NYAMIRA,KEROKA SOTIK,VEHICLE KNOCKED DOWN A VICTIM,M,23,52.0,M/CYCLIST,2017-07-26,11.0
3,1930,KAH 700P ISUZU M/BUS & KMDP 788J BOXER,DTEO KILIMANI,NAIROBI,AIRWINGS KODHEK ROAD,THE CYCLE WAS HIT BY THE VEHICLE,M,A,38.0,M/CYCLIST,2017-03-13,19.0
8,0930,KMDV 961Q BOXER & KCG 425R/ZD 7568 MAN TRAILER,OYUGIS,HOMA BAY,OYUGIS-KISUMU,THE VICTIM WAS RAN OVER BY THE SAID VEHICLE,M,19,98.0,M/CYCLIST,2017-08-01,9.0
10,1300,KCK 099T NISSAN AD & KMCX 323A SKYGO,EMBU,EMBU,ALONG RUNNYENJES - UGWERI ROAD,THE VEHICLE HIT THE MOTOR CYCLE,M,54,10.0,M/CYCLIST,2017-10-30,13.0
3,0700,KBQ 321P ISUZU BUS & KMDS 691A CAPTAIN,KARURI,KIAMBU,BANANA RUAKA,HEAD ON COLLISSION,M,27,7.0,M/CYCLIST,2017-03-11,7.0
9,1945,"KMCP SUZUKI,KBV 563H TOYOTA PROBOX",KERUGOYA,KIRINYAGA,KERUGOYA BARICHO,HEAD ON COLLISSION,M,A,8.0,M/CYCLIST,2017-09-03,19.0
8,1250,M/CYCLE KMDZ 202T SHINERY,NYERI,NYERI,MUTHINGA GATITU RD,LOST CONTROL OF M/CYCLE AND THROWN TO THE SHAMBA,M,18,54.0,M/CYCLIST,2017-08-02,12.0
7,0500,KMDK 267D HONDA & UNKNOWN M/V,KASARANI,NAIROBI,OUTERNG ROAD,HIT & RUN,M,A,98.0,M/CYCLIST,2017-07-01,5.0
3,1030,KMDX 275K BAJAJ,AWENDO,MIGORI,MIGORI AWENDO,THE CYCLE LOST CONTROL AND FELL DOWN,M,A,98.0,M/CYCLIST,2017-03-11,10.0
7,2230,KBJ 759J MITSUBISH FUSO &KMDJ 990S SKYGO,SALAMA,MAKUENI,NAIROBI-MOMBASA,RAMMED AT THE REER OF M/CYCLE,M,24,76.0,M/CYCLIST,2017-07-02,22.0
9,0130,"KBZ 206T PROBOX,KMDL 457A CAPTAIN",MURANGA,MURANGA,MURANGA SAGANA,HEAD ON COLLISSION,M,A,7.0,M/CYCLIST,2017-09-03,1.0
3,0630,KMDD 960M TVS & KBY 077D FIELDER,VIHIGA,VIHIGA,KAKAMEGA KISUMU,THE CYCLE WAS KNOCKED DOWN BY THE FIELDER,M,A,22.0,M/CYCLIST,2017-03-10,6.0
7,1945,KBV 095E TOYOTA PROBOX&KMDT 783C BOXER,HOMABAY,HOMABAY,HOMA BAY-MBITA,RAMMED AT THE REER OF M/CYCLE,M,19,29.0,M/CYCLIST,2017-07-02,19.0
3,1500,KMDM 356E TVS,TURBO,KAKAMEGA,WEBUYE ELDORET,THE CYCLE GOT A TYRE BURST AND LOST CONTROL AND ROLLED SEVERALLY,M,A,89.0,M/CYCLIST,2017-03-10,15.0
6,2030,KCWA 021V TUKTUK & KMDY 006T BAJAJ,MASENO,KISUMU,KISUMU BONDO,HEAD ON COLLISSION,M,23,8.0,M/CYCLIST,2017-06-18,20.0
10,1330,KMDV 105Y &KMCS 564L,MALABA,BUSIA,AKUBWOIT KWANGAMOR ROAD,HEAD ON COLLISSION,M,31,7.0,M/CYCLIST,2017-10-22,13.0
6,2040,KMDT 883Q BOXER & KMDC 952R HAOJIN,VOI,TAITA TAVETA,VOI KALOLENI,HEAD ON COLLISSION,M,63,22.0,M/CYCLIST,2017-06-11,20.0
9,1430,KBL 427D MITSUBISHI CANTER & KMDX 319H HILO,KILIMANI,NAIROBI,BISHOP ROAD JUNCTION,VEHICLE KNOCKED DOWN A VICTIM,M,A,98.0,M/CYCLIST,2017-09-21,14.0
10,2000,KCC 241G CHEVROLET & KMDU 605S BOXER,MAKUENI,MAKUENI,WOTE MAKUENI,HEAD ON COLLISSION,M,A,98.0,M/CYCLIST,2017-10-12,20.0
7,1030,KCE 880H NISSAN DUALIS & KMCC 745D SKYO,NAIVASHA,NAKURU,NAIROBI NAKURU,VEHICLE KNOCKED DOWN A VICTIM,M,40,10.0,M/CYCLIST,2017-07-14,10.0
9,1630,KCJ 347G TOYOTA NOAH & KMEC 376Y BOXER,LONDIANI,KERICHO,LONDIANI-KERICHO,HEAD ON COLLISSION,M,A,26.0,M/CYCLIST,2017-09-18,16.0
9,0600,KMDN 833C SKYGO,MAKINDU,MAKUENI,MAKINDU-KOSEWE,THE MOTOR CYCLE LOST CONTROL AND HIT A TREE,M,A,7.0,M/CYCLIST,2017-09-18,6.0
10,0600,KMCE 555X MAKE TVS,NYAMIRA,NYAMIRA,NYAMIRA NYAMAIYA,THE CYCLE RAMMED INTO THE LORRY,M,A,26.0,M/CYCLIST,2017-10-10,6.0
5,1730,KTWA 595R PIAGGIO TUKTUK AND KMDK 334X BOXER,ISINYA,KAJIADO,NAMANGA- KITENGELA,TUKTUK WAS HIT BY THE M/CYCLE WHICH WAS OVERLAPPING WHERE THE M/CYCLIST DIED WHILE UNDERGOING TREATMENT.,M,A,45.0,M/CYCLIST,2017-05-14,17.0
5,2100,KCA 520N TOYOTA MATATU AND KMDH 882N TVS STAR,KABRAS,KAKAMEGA,WEBUYE- KAKAMEGA,MATATU WAS HIT AT THE RIGHT SIDE BY THE SAID M/CYCLE WHERE THE DRIVER SUSTAINED SERIOUS INJURIES AND DIED ON ARRIVAL TO HOSPITAL.,M,A,26.0,M/CYCLIST,2017-05-14,21.0
5,1900,KMDH 771H DAYUN,MATUU,MACHAKOS,KIVANINI- MASINGA,"M/CYCLIST HIT A HIP OF SOIL, LOST CONTROL VEERING OFF THE ROAD AND LANDED INTO A DITCH WHERE HE DIED ON THE SPOT.",M,29,26.0,M/CYCLIST,2017-05-14,19.0
7,2000,KMDA 617Y BOXER & UNKNOWN VEHICLE,MARIGAT,BARINGO,MARIGAT KABARNET,HIT & RUN,M,A,98.0,M/CYCLIST,2017-07-07,20.0
8,1240,KMCK 374E BAJAJ,DTEO CENTRAL,NAIROBI,NEW PUMWANI ROAD,THE M/CYCLE LOST CONTROL AND ROLLED,M,A,26.0,M/CYCLIST,2017-08-21,12.0
7,2030,KMCN 050S SKYGO & P/CYCLIST,MAKINDU,MAKUENI,MOMBASA NAIROBI,THE CYCLE RAMMED INTO THE P/CYCLIST,M,43,36.0,M/CYCLIST,2017-07-22,20.0
7,1130,KCA 884N/ZE 8132 ACTROS TRAILER & KMCH 608Y TVS STAR,KAKAMEGA,KAKAMEGA,KAKAMEGA KISUMU,VEHICLE KNOCKED DOWN A VICTIM,M,40,22.0,M/CYCLIST,2017-07-15,11.0
9,1900,KMCY 178R RANGER & KBH 666R TOYOTA HIACE,MURANGA,MURANGA,MURANGA-KIRIANI,THE MOTOR CYCLE RAMMED INTO THE MOTOR VEHICLE,M,A,26.0,M/CYCLIST,2017-09-19,19.0
7,2230,KMDU 117D BOXER,BONDO,HOMA BAY,BONDO AGIGO,THE CYCLE LOST CONTROL AND VEERED OFF THE ROAD AND LANDED INTO A DITCH,M,33,29.0,M/CYCLIST,2017-07-22,22.0
9,2340,KMED 639Y SANYA,THIKA,KIAMBU,KIBOKO THIKA,THE CYCLE LOST CONTROL AND HIT A TREE,M,A,26.0,M/CYCLIST,2017-09-13,23.0
9,2040,KMCK 808Z TVS,KISUMU,KISUMU,KONDOLE-NYAMASARIA,THE UNKNOWN VEHICLE HIT THE MOTOR CYCLE,M,A,98.0,M/CYCLIST,2017-09-19,20.0
5,1140,UNKNOWN,ONGATA RONGAI,KAJIADO,NAIROBI KISERIAN,THE VEHICLE VEERED OFF THE ROAD,M,A,26.0,M/CYCLIST,2017-05-29,11.0
9,1630,KCH 930B & KMDU 770V BAJAJ,SIAYA,SIAYA,SIAYA-DOMINION,THE VEHICLE HIT THE MOTOR CYCLE,M,A,26.0,M/CYCLIST,2017-09-19,16.0
9,1200,KCK 447V TOWNACE & KMEA 970L,KAPENGURIA,WEST POKOT,MAKUTANO KITALE ROAD,HEAD ON COLLISSION,M,A,8.0,M/CYCLIST,2017-09-13,12.0
5,1130,KMDY 301W SKYGO & KBU 225W MITSUBISHI LORRY,MOYALE,MARSABIT,MOYALE TOWN,THE LORRY OVERAN THE MOTOR CYCLE,M,A,45.0,M/CYCLIST,2017-05-12,11.0
9,2230,KBL 383Z ISUZU CANTER & KMDU 980U TVS STAR,KAPSABET,NANDI,KAPSABET-LESSOS,HEAD ON COLLISSION,M,35,37.0,M/CYCLIST,2017-09-18,22.0
5,1200,"KMCT 837P CAPTAIN, KCD 807C TOYOTA VITS AND KAS 219Z NISSAN MATATU",KARURI,KIAMBU,BANANA- RUAKA,M.CYCLIST RAMMED INTO THE REAR OF THE SAID VITS AND DUE TO IMPACT THE RIDER WAS THROWN ON THE RIGHT SIDE OF THE ROAD WHERE HE WAS HIT BY THE MATATU AND DIED ON THE SPOT.,M,31,77.0,M/CYCLIST,2017-05-21,12.0
7,1730,KBQ 419C SCANIA BUS & KBW 286H ISUZU CANTER & KMDA 105W,KISII,KISII,KISII MIGORI,THE BUS LOT CONTROL DUE TO BRAKE FAILURE AND RAMMED INTO THE CANTER WHICH HIT THE M/CYCLE,M,A,78.0,M/CYCLIST,2017-07-24,17.0
7,2200,KBW 510P ISUZU BUS & KMEA 050T BAJAJ BOXER,KISUMU,KISUMU,KISUMU-BUSIA,HEAD ON COLLISSION,M,A,39.0,M/CYCLIST,2017-07-25,22.0
3,1700,KAS 514M ISUZU MINI BUS,DAGORETI,NAIROBI,KAWANGWARE,THE M/V HIT UNREGISTERED M/CYCLE KILLING HIM ON THE SPOT.,M,35,14.0,M/CYCLIST,2017-03-27,17.0
8,2300,"KBF 633K TOYOTA SALOON,KMDX 282X HAUJIN",KAJIADO,KAJIADO,NGONG KISERIAN,THE VEHICLE HIT THE M/CYCLE FROM BEHIND,M,A,4.0,M/CYCLIST,2017-08-27,23.0
5,1830,KYT 044 DATSUN P/UP AND KMDN 763S RANGER,OL KALOU,NYANDARUA,OL KALOU- KARIAMU,P/UP DRIVER COLLUDED HEAD ON WITH M/CYCLE. M/CYCLIST DIED ON THE SPOT.,M,19,37.0,M/CYCLIST,2017-05-19,18.0
9,2050,KMDL 385T SKYGO,MAKINDU,MAKUENI,NAIROBI - MOMBASA,THE MOTOR CYCLE LOST CONTROL AND HIT A HUGE STONE WHERE HE FELL DOWN,M,59,7.0,M/CYCLIST,2017-09-18,20.0
5,0730,KCF 491C TOYOTA HIACE AND KMDC 061F TIGER,KIAMBU,KIAMBU,NORTHERN BY- PASS,M/V DRIVER HIT A M/CYCLIST WHO DIED ON THE SPOT.,M,32,22.0,M/CYCLIST,2017-05-19,7.0
5,2030,KMDB 465G BOXER,ELDORET,UASIN GISHU,ELDORET- WEBUYE,M/CYCLIST HIT A HUGE ROCK WHICH WAS ON THE ROAD WHERE THE RIDER FALL DOWN AND DIED ON THE SPOT.,M,A,10.0,M/CYCLIST,2017-05-19,20.0
7,1400,"KBM 112K T/WISH,KTWB 408J BAJAJ &KMDN 693U",GARISSA,GARISSA,GARISSA-KISMAIYO,THE VEHICLE KNOCKED THE TUKTUK AND COLLIDED WITH M/CYCLE,M,36,7.0,M/CYCLIST,2017-07-12,14.0
9,1640,KCA 810N LORRY & M/CYCLE,DTEO EMBAKASI,NAIROBI,EASTERN BY PASS,VEHICLE KNOCKED DOWN A VICTIM,M,A,29.0,M/CYCLIST,2017-09-17,16.0
7,0230,KMCA 456U KINGBIRD,OTHAYA,NYERI,IRINDI-GATUGI,"THE M/CYCLE LOST CONTROL, VEERING OFF THE ROAD AND HIT A CALVERT",M,32,26.0,M/CYCLIST,2017-07-25,2.0
7,0600,KCH 169S & KMDF 598G MAKE TIGER,MAUA,MERU,MAUA KIUTUNI,THE VEHICLE LOST CONTROL AND HIT THE M/CYCLIST,M,30,26.0,M/CYCLIST,2017-07-24,6.0
3,2330,KAK 769X NISSAN LORRY & KMCR 502W BOXER,KIKUYU,KIAMBU,NAIVASHA -NAIROBI,THE VEHICLE COLLIDED HEAD ON WITH THE M/CYCLIST,M,33,57.0,M/CYCLIST,2017-03-31,23.0
5,1200,KMDT 467R TVS STAR,KISII,KISII,KISII-MARAMI,DRIVER OF THE SAID VEHICLE RAN OVER THE SAID M/CYCLE FATALLY INJURING THE RIDER.,1,A,10.0,M/ CYCLIST,2017-05-15,12.0
6,2230,M/V KBB 168W T/110 & KBM 568H TIPPER LORRY,TIGONI,KIAMBU,LIMURU KIAMBU ROAD,THE M/V TOYOTA 110 FAILED TO GOVE WAY AND WAS HIT BY THE SAID TRIPPER LORRY AS ARESULT OF THE ACCIDENT THE DRIVER OF 110 AND F/A/PASSENGER DIED ON THE SPOT,M/F,A,25.0,DRIVER PASSENGER,2017-06-17,22.0
5,2245,GKA 022R TOYOTA PRADO AND KBV 065H M/BENZ TRAILOR,ATHI RIVER,MACHAKOS,NAIROBI- MOMBASA,M/V COLLUDED HEAD ON WITH A TRAILOR WHERE ON F/A PASSENGER AND M/V DRIVER DIED ON THE SPOT.,M AND F,34 AND 24,10.0,DRIVER AND PASSENGER,2017-05-14,22.0
8,0320,KAQ494X TOYOTA LEXUS AND KAH042X TOYOTA LAND CRUISER,RUIRU,KIAMBU,THIKA SUPER HIGHWAY,LOST CONTROL AND RAMMED INTO THE OTHER M/V,M,A,26.0,DRIVER 2 PASSANGERS,2017-08-03,3.0
8,0630,KTCB 622R MESSEY FRRGUSON TRACTOR & KCD 602Y MATATU,LONDIANI,KERICHO,MAU SUMMIT -KERICHO,THE MATATU RAMMED INTO THE TRACTOR,M,A,29.0,DRIVER & PASSENGER,2017-08-30,6.0
8,2000,KAR 465Z/ZB 9852 ACTROS TRAILER,SUBUIGA,MERU,MERU-NANYUKI,THE VEHICLE LOST CONTROL AND VEERED OF THE ROAD,M,A,78.0,DRIVER & PASSENGER,2017-08-01,20.0
5,0630,KCK 274B T/RAUM & KCB 742F/ZF 4779 ACTROS,ATHI RIVER,MACHAKOS,MOMBASA- NAIROBI,HEAD ON COLLISSION,M&F,A,11.0,DRIVER & PASSENGER,2017-05-03,6.0
7,0215,KBJ 007H TOYOTA ALLION & TRAILER,SALGAA,NAKURU,NAKURU-ELDORET,HEAD ON COLLISSION,M,A,10.0,DRIVER & PASSENGER,2017-07-21,2.0
7,0630,KBB 178K/ZC 9861 M/BENZ TAILER,KERICHO,KERICHO,KERICHO-KISUMU,THE TRAILER BREAK FAILED AND LOST CONTROL VEERING OFF THE ROAD AND OVERTURNED,M,A,78.0,DRIVER & PASSENGER,2017-07-27,6.0
7,2000,KBD 414W MITSUBISH PRIVER MOVER,KONDELE,KISUMU,KISUMU-KAKAMEGA,LOST CONTRL AND DASHED IN A DITCH,M,47,78.0,DRIVER & 2 PASSENGERS,2017-07-02,20.0
7,1720,KBR911H/ZE 0460 ACTORS TRAILER & KBV840D TOYOTA G-TOURING,ATHI RIVER,MACHAKOS,NAIROBI-MOMBASA,COLLIDED HEAD ON,M&F,"46,47,34",8.0,DRIVER & 2 PASSENGERS,2017-07-02,17.0
5,1410,M/V KBW 1301/ ZB 8450 M/BENZ AND KBJ 058B T/COROLLA,ATHI RIVER,MACHAKOS,NAIROBI- MOMBASA,DRIVER WAS OVERTAKING CARELESSLY AND IN THE PROCCESS COLLUDED HEAD ON WITH THE SAID M/BENZ.DRIVER OF TOYOTA COROLLA DIED ON THE SPOT.,M,A,10.0,DRIVER,2017-05-20,14.0
2,1250,KBM 538C/ZD 4310 ACTROS & KCK 341Q/ZF 5344,NAKURU,NAKURU,NAIROBI-NAKURU,THE VEHICLES COLLIDED HEAD ON,M,A,37.0,DRIVER,2017-02-22,12.0
11,1515,KTCB 472K JOHN DEER,LONDIANI,KERICHO,KERICHO-NAKURU,"THE VEHICLE LOST CONTROL,VEERING OFF THE ROAD AND LANDED INTO A DITCH",M,25,26.0,DRIVER,2017-11-06,15.0
5,0230,M/V KBL 266B T/PREMIO,DTEO INDO- AREA,NAIROBI,MOMBASA ROAD,M/V DRIVER LOST CONTROL AND ROLLED LANDING INTO A DITCH.DRIVER DIED ON THE SPOT.,M,A,26.0,DRIVER,2017-05-13,2.0
7,2200,KBF 184U TOYOTA SPACIO & KHMA 043F JCB,RUIRU,KIAMBU,EASTERN BYPASS,COLLIDED HEAD ON,F,A,10.0,DRIVER,2017-07-01,22.0
9,2030,KCA 377R FAW LORRY & KCH 952M SALOON,KILIFI,KILIFI,KILIFI-MALINDI,HEAD ON COLLISSION,M,A,26.0,DRIVER,2017-09-19,20.0
9,2000,KBL 987N P/UP,VOI,TAITA TAVETA,MOMBASA-NAIROBI,THE VEHICLE LOST CONTROL AND RAMMED INTO A CULVERT,M,A,26.0,DRIVER,2017-09-19,20.0
8,1730,KCK 444J TOYOTA HIACE,KENDU BAY,HOMA BAY,KENDU BAY-KATITO,THE VEHICLE LOST CONTROL AND ROLLED SEVERALLY,M,A,26.0,DRIVER,2017-08-08,17.0
8,1700,M/V KAU092U T/HILLUX P/UP,MOYALE P/STN,MARSABIT,,LOST CONTROL AND ROLLED SEVERALLY AND LANDED INTO A DITCH,M,30,26.0,DRIVER,2017-08-04,17.0
5,2000,M/V KBT 604C MISTUBISHI GDP AND AN OX CART.,RUNYENJES,EMBU,KAWANJARA- ISHIARA,N/V HIT THE OX-CART KILING THE CART DRIVER ON THE SPOT.,M,A,63.0,DRIVER,2017-05-13,20.0
7,1050,KBW 718W TOYOTA PROBOX,KITUI,KITUI,KITUI-MACHAKOS,THE VEHICLE HIT ANOTHER M/V,M,A,98.0,DRIVER,2017-07-21,10.0
7,0700,KBP 906V MITSUBISHI FUSO AND KAD 578X MITSUBISHI FUSO,MTITO ANDEI,MAKUENI,NAIRBI MOMBASA,HEAD ON COLLISSION,M,A,10.0,DRIVER,2017-07-07,7.0
5,1030,KCL 0290 FAW TIPPER,KEROKA,KISII,KEROKA-KISII,"THE VEHICLE LOST CONTROL, VEERING OFF THE ROADAND OVERTURNED",M,30,26.0,DRIVER,2017-05-18,10.0
8,1830,KBW 086T ISUZU BUS,INDO AREA,NAIROBI,UHURU HIGH WAY,THE VEHICLE LOST CONTROL AND ROLLED SEVERALLY,M,A,26.0,DRIVER,2017-08-08,18.0
7,0730,KCL 792C TOYOTA SIENTA,MERU,MERU,CHUKA-EMBU,"THE VEHICLE LOST CONTROL,VEERED OFF THE ROAD AND ROLLED SEVERAL TIMES",M,A,26.0,DRIVER,2017-07-03,7.0
8,0400,"KBW 509 ISUZU BUS, KCH 982B ISUZU LORRY & KCC241P TOYOTA MATATU",NAIVASHA,NAKURU,NAKURU-NAIROBI,HEAD ON COLLISSION,M,40,10.0,DRIVER,2017-08-05,4.0
11,1330,KCH 953T TATA TIPPER,KIPIPIRI,NYANDARUA,MIHARATI-ENGINEER ROAD,THE VEHICLE LOST CONTROL AND DRIVER WAS THROWN OUT,M,40,26.0,DRIVER,2017-11-05,13.0
8,1740,KAK 020E T/COROLLA,KERICHO,KERICHO,KERICHO-NAKURU,THE VEHICLE LOST CONTROL AND ROLLED SEVERALLY,M,A,26.0,DRIVER,2017-08-08,17.0
7,2300,KAU 240N PRADO,GARISSA,GARISSA,MASALANI GARISSA,THE VEHICLE LOST CONTROL AND ROLLED SEVERAL TIMES,M,A,26.0,DRIVER,2017-07-05,23.0
3,1800,KTWA 790U PIAGGIO TUKTUK & KBE 597H HUMMER,DIANI,KILIFI,UKUNDA BEACH ROAD,HEAD ON COLLISSION,M,35,10.0,DRIVER,2017-03-01,18.0
9,0430,KAX 709E TOYOTA COROLLA,SUBUKIA,NAKURU,NYAURURU NAKURU,THE VEHICLE LOST CONTROLAND ROLLED SEVERAL TIMES,M,A,98.0,DRIVER,2017-09-17,4.0
8,1630,KAP 238A FUSO LORRY & KCC 179H/ZE 8738 FAW,KARURI,KIAMBU,LIMURU NAIROBI,HEAD ON COLLISSION,M,35,72.0,DRIVER,2017-08-18,16.0
5,1230,KBH 286M TOYOTA NZE,STAREHE,NAIROBI,KIAMBU ROAD,UNIDENTIFIED M/V LOST CONTROL VEERING OFF THE ROAD AND LANDED INTO KARURA RIVER KILLING THE DRIVER ON THE SPOT.,M,A,98.0,DRIVER,2017-05-23,12.0
7,2000,KAZ 142A T/DUET & KCG 375Y,AHERO,KISUMU,AWASI KERICHO,HEAD ON COLLISSION,M,A,37.0,DRIVER,2017-07-24,20.0
7,0700,KBZ 404U TOYOTA FIELDER,KAREN,NAIROBI,SOUTHERN,VEERED OFF THE HITTING GUARD RAILS ON THE ROAD SIDE,M,A,26.0,DRIVER,2017-07-01,7.0
7,1400,KBY 939F ISUZU &KCG 343Y MITSUBISH FH TANKER,KERICHO,KERICHO,KERICHO-LONDAINI,THEVEHICLE WAS ON A HILL AND STARTED MOVING BACKWARD AND HIT THE TANKER,M,31,81.0,DRIVER,2017-07-29,14.0
8,2230,"KAN 551P NISSAN MATATU,KBB 519P NISSAN MATATU",DIANI,KWALE,MSAMBWENI UKUNDA,HEAD ON COLLISSION,M,A,26.0,DRIVER,2017-08-27,22.0
10,2030,KAW 645Q/ZD 8912 ACTROS TRAILER &KCJ 879E NISSAN XTRAIL,GILGIL,NAKURU,GILGIL NAIVASHA,HEAD ON COLLISSION,M,A,10.0,DRIVER,2017-10-23,20.0
10,2000,KCH 130J/ZD 0127 MITSUBISH TRAILER & KCG 613R/ZF 3029 DAF TRAILER,VOI,TAITA TAVETA,NAIROBI MOMBASA ROAD,HEAD ON COLLISSION,M,60,29.0,DRIVER,2017-10-23,20.0
7,1120,KBC 367S TOYOTA COROLLA AND KBE 431Y/ZC 4131 MERCEDES BENZ,MAKINDU,MAKUENI,NAIROBI MOMBASA,HEAD ON COLLISSION,M,A,10.0,DRIVER,2017-07-09,11.0
9,0130,KBX 537N NZE & GKB 556C T/L/CRUISER,DTEO KILIMANI,NAIROBI,EASTERN BY PASS,HEAD ON COLLISSION,M,A,26.0,DRIVER,2017-09-17,1.0
6,2030,KBW 543X ISUZU LORRY & KBL 073Q TOYOTA WISH,CHUKA,MERU,CHOGORIA CHUKA,HEAD ON COLLISSION,M,46,29.0,DRIVER,2017-06-20,20.0
7,1500,KAG 921R MITSUBISHI LORRY,INDO AREA,NAIROBI,ENTERPRISE ROAD,"THE LORRY LOST CONTROL, VEERING OFF THE ROAD AND ROLLED",M,A,98.0,DRIVER,2017-07-27,15.0
8,2200,KBS 351L PROBOX & TUKTUK KTWB 799G,DIANI,KWALE,UKUNDA LIKONI ROAD,HEAD ON COLLISSION,M,27,10.0,DRIVER,2017-08-15,22.0
7,0100,"KCL 440M ACROS,KAW 743K",MTITO ANDEI,MAKUENI,NAIROBI MOMBASA,THE VEHICLE COLLIDED WITH THE OTHER VEHICLE,M,A,26.0,DRIVER,2017-07-13,1.0
10,2000,GKB 529F T/L CRUISER,MACHAKOS,MACHAKOS,KATHEKAI,THE VEHICLE LOST CONTROL AND OVERTURNED,M,A,,DRIVER,2017-10-22,20.0
3,1725,KBE 084B TOYOTA COROLLA & KBY 281S NISSAN MATATU,NYERI,NYERI,NYAHURURU NYERI,HEAD ON COLLISSION,M,31,98.0,DRIVER,2017-03-27,17.0
7,2000,KCK 401A T/SIENTA & KCD 723Y MITSUBISH CANTER,ATHI RIVER,MACHAKOS,NAIROBI-MOMBASA,THE VEHICLES COLLIDED HEAD ON,M,25,8.0,DRIVER,2017-07-12,20.0
7,2100,KCK 444Y R/ROVER & RAC 704L SCANIA BUS &KBZ 717/ZF 5442 SCANIA S/TRAILER KBA 970Z/ZD 1091 M/BENZ ACTROSS KAW 849L T/DX,SALGAA,NAKURU,NAKURU-ELDORET,M/V HIT OTHER VIHICLES THROWING THEM OFF THE ROAD,M,A,63.0,DRIVER,2017-07-30,21.0
7,2145,KAZ 727R T/PREMIO SELF INVOLVED,KERICHO,KERICHO,SOTIK-KERICHO,M/V AVOIDED HITTING A M/CYCLIST HENCE LANDING ON A DITCH,M,33,10.0,DRIVER,2017-07-30,21.0
6,0500,KCF 934C TOYOTA HESTIMA,CENTRAL,NAIROBI,MURANGA ROAD,THE VEHICLE HIT A PAVEMENT,M,A,98.0,DRIVER,2017-06-23,5.0
9,0400,"KCE 345D TOYOTA PRADO,KCL 082W SCANIA BUS",LARI,KIAMBU,NAIROBI NAIVASHA,HEAD ON COLLISSION,M,47,37.0,DRIVER,2017-09-03,4.0
7,2100,"T934CMS TOYOTA SPACIO, KCF 188R MITSUBISHI CANTER & KCJ 968H TOWNACE",KAJIADO,KAJIADO,NAMANGA-NAIROBI,THE VEHICLE HIT THE CANTER,M,A,10.0,DRIVER,2017-07-21,21.0
10,0430,KCA 961A T/WISH & KBV 147M/ZE 4153 TRAILER M/BENZ,EMBAKASI,NAIROBI,MOMBASA ROAD,THE T/WISH RAMMED INTO THE TRAILLER WHICH WAS PARKED OFF THE ROAD,M,A,76.0,DRIVER,2017-10-30,4.0
5,1330,KCH 430J MITSUBISHI CANTER & KTWB 598E PIAGGIO,NYERI,NYERI,CHAKA-KIGANJO,HEAD ON COLLISSION,M,A,8.0,DRIVER,2017-05-04,13.0
7,1730,KAP 630Y TOYOTA COROLLA,NYERI,NYERI,MUGANI MURIGURU,THE VEHICLE LOST CONTROL AND THE VICTIM DIED ON THE SPOT,M,34,26.0,DRIVER,2017-07-09,17.0
7,0730,KBZ 281B MITSUBISHI FH & KBQ 917K/ZC 6082 FAW TRAILER,MTITO ANDEI,MAKUENI,NAIROBI-MOMBASA,HEAD ON COLLISSION,M,33,10.0,DRIVER,2017-07-25,7.0
8,2010,GKA 314Z TOYOTA PRADO,TAVETA,TAITA TAVETA,TAVETA-MWATATE,THE VEHICLE LOST CONTROL AND VEERED OF THE ROAD,M,A,79.0,DRIVER,2017-08-01,20.0
9,0700,"KCJ 765Q NISSAN BLUE BIRD,KCM 875G TOYOTA MARK II",INDO AREA,NAIROBI,MOMBASA,THE TOYOTA MARK II HIT THE NISSAN BLUE,M,A,37.0,DRIVER,2017-09-03,7.0
3,0330,KBU 743D/ZE 1567 M/BENZ TRAILER & KCC 683W ISUZU LORRY,MACHAKOS,MACHAKOS,MOMBASA NAIROBI,HEAD ON COLLISSION,M,A,98.0,DRIVER,2017-03-17,3.0
4,1430,UAT 203T TOYOTA PRAYER,KERICHO,KERICHO,KERICHO-KISUMU,"THE VEHICLE LOST CONTROL, VEERING OFF THE ROAD AND HIT A FACTORY WALL",M,A,26.0,DRIVER,2017-04-25,14.0
6,1630,KBK 349Z FORD RANGER P/UP,RUNYEJES,EMBU,KYENI KARURUMO MARRUM ROAD,THE VEHICLE GOT A TYRE BURST AND ROLLED,M,51,78.0,DRIVER,2017-06-11,16.0
9,1900,KBU 292P BEDFORD LORRY& KBP 307K MITSUBISH CANTER,NAKURU,NAKURU,NAKURU NAIROBI,HEAD ON COLLISSION,M,A,10.0,DRIVER,2017-09-06,19.0
3,2120,KCA 685V T/PASSO @KCG 706E/ZF 3418 M M/BENZ,MAKINDU,MAKUENI,MSA-NRB,THE MOTOR VEHICLE HIT THE REAR WHEEL OF THE TRAILER LOST CONTROL AND COLLIDED WITH ANOTHER VEHICLE,M,A,8.0,DRIVER,2017-03-18,21.0
9,0345,KCK 440R/ZD 0728 AXOR TRAILER & KBX 430E SCANIA BUS,GILGIL,NAKURU,GILGIL NAKURU,HEAD ON COLLISSION,M,A,11.0,DRIVER,2017-09-21,3.0
8,0715,UAN 174S SCANIA TRAILER & KCG 863Z FH TANKER,LONDIANI,KERICHO,KERICHO NAKURU ROAD,THE VEHICLE RAMMED ON THE REAR OF THE TANKER LORRY,M,A,7.0,DRIVER,2017-08-18,7.0
7,0230,KMDX 465W SKYGO M/CYCLE,KITIRIRI,EMBU,KAMURUGU IRIAMURAI,THE CYCLE LOST CONTROL AND LANDED INTO THE DITCH,M,40,,DRIVER,2017-07-24,2.0
6,2015,KCE 051E T/PROBOX & MITSUBISHI PETROL TANKER,BURETI,KERICHO,BURET NGOINA,THE PROBOX WAS OVERTAKING UNKNOWN M/V HENCE COLLIDED HEAD ON WITH THE PETROL TANKER,M,A,10.0,7 PASSENGERS 1 DRIVER,2017-06-16,20.0
7,1520,"KBN 617C T/PROBOX ,KCD 290D T/MATATU & KMDB 316A TVS",KISII,KISII,KISII-KILGORIS,THE PROBOX BREAKS FAILED LOST CONTROL HITTING THE MATATU AND THE MATATU COLLIDED WITH THE M/CYCLE,M,A,78.0,2 PASSENGERS & P/PASSENGER,2017-07-27,15.0
3,2200,KBZ 966G/ZE 5142 M/BENZ TRAILER & KBH 8417 BENZ TRAILER & KBP 724N/ZD 8418 ACTROS TRAILER,ISINYA,KAJIADO,ISINYA-KAJIADO,THE TRAILERS SANDWITCHED THE VICTIMS,M,A,26.0,2 DRIVERS & PASSENGER,2017-03-07,22.0
7,1445,"KBQ 014P ISUZU CANTER, KAJ 785Z TOYOTA SALOON, KAU 558M TOYOTA COROLLA & KCJ 254S T/LCRUISER",NYERI,NYERI,NYAHURURU-MWEIGA,HEAD ON COLLISSION,M & F,A,66.0,2 DRIVER & 2 PASSENGER,2017-07-25,14.0
3,1530,KAX 407B T/SALOON & KMDQ 204N M/CYCLE,LAIKIPIA,LAIKIPIA,MATANYA ROAD,THE VEHICLE HIT THE M/CYCLE,M,A,,1 RIDER & 1P/PASSENGER,2017-03-19,15.0
3,0445,KAW 432E/ZC 5556 M/B/AXOR & KCE 189T HARRIER,VOI,TAITA-TAVETA,MSA-NRB,THE TRAILER COLLIDED HEAD ON WITH THE VEHICLE,M&F,A,8.0,1 DRIVER & 4 PASSENGERS,2017-03-19,4.0
3,1330,KCK 381B T/MATATU & KAZ 038R ISUZU BUS,RUNYENJES,EMBU,EMBU-MERU,THE MATATU COLLIDED HEAD ON WITH THE BUS,2M & F,A,10.0,1 DRIVER & 2 PASSENGERS,2017-03-21,13.0
